player,player_id,position,team_name,player_game_count,base_dropbacks,blitz_accuracy_percent,blitz_aimed_passes,blitz_attempts,blitz_avg_depth_of_target,blitz_avg_time_to_throw,blitz_bats,blitz_big_time_throws,blitz_btt_rate,blitz_completion_percent,blitz_completions,blitz_def_gen_pressures,blitz_drop_rate,blitz_dropbacks,blitz_dropbacks_percent,blitz_drops,blitz_epa,blitz_first_downs,blitz_grades_coverage_defense,blitz_grades_defense,blitz_grades_defense_penalty,blitz_grades_hands_drop,blitz_grades_hands_fumble,blitz_grades_offense,blitz_grades_offense_penalty,blitz_grades_overall_tackle,blitz_grades_pass,blitz_grades_pass_route,blitz_grades_pass_rush_defense,blitz_grades_run,blitz_grades_tackle,blitz_hit_as_threw,blitz_interceptions,blitz_passing_snaps,blitz_positive_epa_percent,blitz_pressure_to_sack_rate,blitz_qb_rating,blitz_sack_percent,blitz_sacks,blitz_scrambles,blitz_spikes,blitz_thrown_aways,blitz_touchdowns,blitz_turnover_worthy_plays,blitz_twp_rate,blitz_yards,blitz_ypa,declined_penalties,franchise_id,grades_hands_fumble,grades_offense,grades_pass,grades_run,no_blitz_accuracy_percent,no_blitz_aimed_passes,no_blitz_attempts,no_blitz_avg_depth_of_target,no_blitz_avg_time_to_throw,no_blitz_bats,no_blitz_big_time_throws,no_blitz_btt_rate,no_blitz_completion_percent,no_blitz_completions,no_blitz_def_gen_pressures,no_blitz_drop_rate,no_blitz_dropbacks,no_blitz_dropbacks_percent,no_blitz_drops,no_blitz_epa,no_blitz_first_downs,no_blitz_grades_coverage_defense,no_blitz_grades_defense,no_blitz_grades_defense_penalty,no_blitz_grades_hands_drop,no_blitz_grades_hands_fumble,no_blitz_grades_offense,no_blitz_grades_offense_penalty,no_blitz_grades_overall_tackle,no_blitz_grades_pass,no_blitz_grades_pass_route,no_blitz_grades_pass_rush_defense,no_blitz_grades_run,no_blitz_grades_tackle,no_blitz_hit_as_threw,no_blitz_interceptions,no_blitz_passing_snaps,no_blitz_positive_epa_percent,no_blitz_pressure_to_sack_rate,no_blitz_qb_rating,no_blitz_sack_percent,no_blitz_sacks,no_blitz_scrambles,no_blitz_spikes,no_blitz_thrown_aways,no_blitz_touchdowns,no_blitz_turnover_worthy_plays,no_blitz_twp_rate,no_blitz_yards,no_blitz_ypa,no_pressure_accuracy_percent,no_pressure_aimed_passes,no_pressure_attempts,no_pressure_avg_depth_of_target,no_pressure_avg_time_to_throw,no_pressure_bats,no_pressure_big_time_throws,no_pressure_btt_rate,no_pressure_completion_percent,no_pressure_completions,no_pressure_def_gen_pressures,no_pressure_drop_rate,no_pressure_dropbacks,no_pressure_dropbacks_percent,no_pressure_drops,no_pressure_epa,no_pressure_first_downs,no_pressure_grades_coverage_defense,no_pressure_grades_defense,no_pressure_grades_defense_penalty,no_pressure_grades_hands_drop,no_pressure_grades_hands_fumble,no_pressure_grades_offense,no_pressure_grades_offense_penalty,no_pressure_grades_overall_tackle,no_pressure_grades_pass,no_pressure_grades_pass_route,no_pressure_grades_pass_rush_defense,no_pressure_grades_run,no_pressure_grades_tackle,no_pressure_hit_as_threw,no_pressure_interceptions,no_pressure_passing_snaps,no_pressure_positive_epa_percent,no_pressure_pressure_to_sack_rate,no_pressure_qb_rating,no_pressure_sack_percent,no_pressure_sacks,no_pressure_scrambles,no_pressure_spikes,no_pressure_thrown_aways,no_pressure_touchdowns,no_pressure_turnover_worthy_plays,no_pressure_twp_rate,no_pressure_yards,no_pressure_ypa,penalties,pressure_accuracy_percent,pressure_aimed_passes,pressure_attempts,pressure_avg_depth_of_target,pressure_avg_time_to_throw,pressure_bats,pressure_big_time_throws,pressure_btt_rate,pressure_completion_percent,pressure_completions,pressure_def_gen_pressures,pressure_drop_rate,pressure_dropbacks,pressure_dropbacks_percent,pressure_drops,pressure_epa,pressure_first_downs,pressure_grades_coverage_defense,pressure_grades_defense,pressure_grades_defense_penalty,pressure_grades_hands_drop,pressure_grades_hands_fumble,pressure_grades_offense,pressure_grades_offense_penalty,pressure_grades_overall_tackle,pressure_grades_pass,pressure_grades_pass_route,pressure_grades_pass_rush_defense,pressure_grades_run,pressure_grades_tackle,pressure_hit_as_threw,pressure_interceptions,pressure_passing_snaps,pressure_positive_epa_percent,pressure_pressure_to_sack_rate,pressure_qb_rating,pressure_sack_percent,pressure_sacks,pressure_scrambles,pressure_spikes,pressure_thrown_aways,pressure_touchdowns,pressure_turnover_worthy_plays,pressure_twp_rate,pressure_yards,pressure_ypa
Drake Maye,143969,QB,NE,21,755,74.5,188,203,8.6,2.83,5,9,4.2,65.5,133,101,5.0,246,32.6,7,0.12,95,,,,,43.2,70.4,84.2,,64.0,60.0,,91.1,,2,2,258,47.6,24.8,110.3,10.2,25,17,0,8,14,6,2.3,1690,8.3,0,19,29.5,80.7,76.6,79.7,78.2,386,409,10.2,3.21,3,23,5.3,71.1,291,183,3.6,509,67.4,11,0.21,176,,,,,35.0,83.4,87.1,,80.1,,,75.3,,4,10,539,53.8,23.5,105.9,8.4,43,57,0,16,23,20,3.7,3532,8.6,79.4,427,436,8.9,2.67,5,19,4.2,74.3,324,0,4.4,471,62.4,15,0.43,192,,,,,91.6,91.8,86.7,,90.1,60.0,,84.4,,0,8,490,59.7,,114.3,0.0,0,34,0,4,29,11,2.2,3741,8.6,2,70.1,147,176,12.0,3.76,3,13,6.7,56.8,100,284,2.9,284,37.6,3,-0.24,79,,,,,20.3,52.4,84.9,,46.5,,,78.0,,6,4,307,38.7,23.9,90.2,23.9,68,40,0,20,8,15,4.9,1481,8.4
Matthew Stafford,4924,QB,LA,20,755,69.2,234,244,9.1,2.55,0,16,6.2,61.1,149,100,8.0,260,34.4,13,0.22,109,,,,,82.8,78.0,84.5,,76.6,,,56.8,,2,3,277,53.5,15.0,120.5,5.8,15,1,0,8,30,11,4.0,1935,7.9,0,26,62.9,92.0,91.7,37.4,74.0,438,472,10.3,2.82,6,42,8.5,64.6,305,140,5.9,495,65.6,19,0.19,176,,,,,62.4,93.7,87.0,,92.9,,,45.4,,6,6,520,51.5,10.0,98.9,2.8,14,8,4,18,22,15,2.9,3708,7.9,76.4,496,510,9.4,2.52,5,43,8.1,70.0,357,0,5.8,515,68.2,22,0.4,222,,,,,91.8,96.8,87.1,,95.6,,,46.6,,0,8,539,59.6,,118.0,0.0,0,4,4,5,44,11,2.0,4330,8.5,5,60.8,176,206,11.1,3.17,1,15,6.8,47.1,97,240,9.3,240,31.8,10,-0.23,63,,,,,28.2,57.1,84.2,,57.8,,,50.0,,8,1,258,36.3,12.1,78.8,12.1,29,5,0,21,8,15,5.8,1313,6.4
Caleb Williams,144622,QB,CHI,19,737,67.5,200,229,9.9,3.11,5,17,7.1,53.7,123,108,8.9,260,35.3,12,0.15,98,,,,64.7,90.5,81.0,84.6,,73.4,60.2,,91.5,,2,6,275,46.9,7.4,91.2,3.1,8,22,1,21,16,6,2.2,1759,7.7,0,6,66.0,76.9,72.2,82.1,70.4,392,429,8.8,3.3,12,20,4.4,59.2,254,153,8.0,477,64.7,22,0.0,142,,,,64.7,68.8,73.6,86.9,,68.6,91.3,,87.6,,1,6,505,45.3,11.1,84.5,3.6,17,27,1,23,15,18,3.6,2801,6.5,74.2,434,453,8.0,2.62,13,16,3.4,65.1,295,0,8.4,476,64.6,27,0.22,173,,,,,91.6,83.1,86.9,,80.0,59.9,,76.6,,0,8,496,52.3,,97.4,0.0,0,19,2,4,23,15,3.0,3421,7.6,10,56.3,158,205,12.4,4.35,4,21,9.6,40.0,82,261,7.9,261,35.4,7,-0.25,67,,,,68.3,48.0,66.1,84.6,,54.3,89.5,,92.8,,3,4,284,34.1,9.6,63.4,9.6,25,30,0,40,8,9,3.2,1139,5.6
Bo Nix,97790,QB,DEN,18,730,75.5,163,188,7.0,2.68,7,7,3.5,61.7,116,80,5.7,210,28.8,7,0.2,78,,,,,90.2,74.2,83.6,,72.2,56.6,,69.4,,2,3,223,49.0,7.5,92.7,2.9,6,13,0,16,10,4,1.8,1269,6.8,1,10,73.1,77.1,76.1,65.3,75.6,438,470,8.4,2.9,9,28,5.6,63.4,298,152,10.0,520,71.2,33,0.04,143,,,,,73.4,77.0,87.2,,74.8,,,70.5,,5,9,548,45.0,10.5,85.8,3.1,16,25,1,17,18,18,3.3,2941,6.3,78.2,449,465,8.0,2.5,13,28,5.8,69.5,323,0,8.0,498,68.2,28,0.3,179,,,,,91.7,90.9,87.0,,89.3,58.4,,74.5,,0,6,519,52.8,,98.9,0.0,0,21,1,2,20,10,1.9,3348,7.2,9,67.8,152,193,8.0,3.56,3,7,3.3,47.2,91,232,11.7,232,31.8,12,-0.37,42,,,,,46.1,45.3,84.1,,44.3,60.0,,64.6,,7,6,252,31.9,9.5,60.8,9.5,22,17,0,31,8,12,4.8,862,4.5
Trevor Lawrence,77632,QB,JAX,18,682,73.4,169,181,9.6,2.63,6,8,4.2,62.4,113,87,8.9,208,30.5,11,0.14,80,,,,,73.9,75.8,83.5,,73.1,,,73.4,,5,4,218,46.6,17.2,99.3,7.2,15,10,0,1,11,6,2.8,1483,8.2,0,15,70.6,83.7,80.5,77.4,73.5,374,409,9.4,3.01,14,22,5.0,60.1,246,169,10.5,474,69.5,29,0.01,145,,,,,80.4,83.5,86.9,,80.2,,,75.8,,6,10,507,47.9,16.0,87.0,5.7,27,34,3,12,21,18,3.6,2731,6.7,76.7,386,407,8.7,2.5,14,18,4.2,65.4,266,0,10.1,426,62.5,30,0.23,154,,,,,91.4,88.4,86.3,,86.1,,,64.5,,0,8,444,54.0,,101.2,0.0,0,13,3,4,27,13,2.9,3004,7.4,9,65.6,157,183,11.3,3.55,6,12,5.9,50.8,93,256,9.7,256,37.5,10,-0.26,71,,,,,51.0,69.3,84.5,,64.1,,,80.5,,11,6,281,36.7,16.4,67.4,16.4,42,31,0,9,5,11,3.9,1210,6.6
Justin Herbert,28237,QB,LAC,17,660,74.6,185,201,7.7,2.76,5,7,3.3,64.7,130,111,5.8,238,36.1,8,0.01,86,,,,,30.0,73.7,84.0,,70.6,,,75.2,,4,5,249,49.2,18.9,94.7,8.8,21,15,0,7,11,7,2.8,1488,7.4,0,27,56.1,78.0,73.0,82.7,76.8,319,342,8.7,3.08,2,15,4.2,67.0,229,177,6.5,422,63.9,16,0.05,120,,,,,76.8,76.0,86.3,,71.5,,,80.7,,7,8,442,50.0,22.0,92.0,9.2,39,41,0,14,15,11,2.5,2398,7.0,82.6,344,351,7.0,2.47,5,12,3.3,76.1,267,0,6.0,372,56.4,17,0.28,140,,,,,91.1,91.0,85.8,,87.1,,,90.2,,0,7,386,61.3,,103.2,0.0,0,20,0,2,16,7,1.8,2602,7.4,5,61.9,160,192,11.3,3.6,2,10,4.9,47.9,92,288,7.1,288,43.6,7,-0.29,66,,,,,27.0,53.1,84.8,,49.8,,,70.2,,11,6,305,34.7,20.8,74.2,20.8,60,36,0,19,10,11,3.6,1284,6.7
Dak Prescott,10769,QB,DAL,17,659,80.1,181,193,7.8,2.51,3,12,5.7,70.5,136,90,6.2,210,31.9,9,0.28,80,,,,,54.2,88.0,83.7,,84.5,,,76.3,,2,2,228,51.0,12.2,104.5,5.2,11,6,1,6,7,7,3.1,1662,8.6,0,9,66.9,86.9,85.4,61.3,74.9,383,407,9.0,2.9,10,19,4.3,65.8,268,143,6.6,449,68.1,19,0.1,150,,,,,91.6,82.6,86.7,,80.4,,,67.8,,4,8,484,49.9,14.0,97.2,4.5,20,20,2,8,23,12,2.5,2890,7.1,79.0,396,414,8.5,2.49,11,13,2.9,70.8,293,0,6.4,426,64.6,20,0.32,158,,,,,91.4,88.7,86.5,,86.5,,,61.3,,0,5,457,55.6,,106.7,0.2,1,9,3,4,25,10,2.2,3038,7.3,5,70.8,168,186,8.9,3.3,2,18,8.8,59.7,111,233,6.7,233,35.4,8,-0.14,72,,,,,58.0,77.3,84.1,,73.7,,,76.9,,6,5,255,40.3,12.9,83.5,12.9,30,17,0,10,5,9,3.5,1514,8.1
Josh Allen,46601,QB,BUF,18,642,76.3,194,202,6.8,2.68,2,5,2.4,67.3,136,97,8.1,236,36.8,12,0.13,86,,,,,90.3,76.1,84.0,,71.6,,,81.7,,2,6,246,50.4,17.5,98.3,7.2,17,17,0,4,12,5,2.0,1585,7.8,0,4,70.0,90.5,84.0,90.8,79.4,316,332,8.4,3.17,4,24,6.8,71.1,236,140,6.0,406,63.2,15,0.16,137,,,,,73.7,90.2,62.5,,86.4,,,81.2,,2,6,431,48.8,19.3,104.0,6.7,27,42,1,9,17,11,2.6,2639,7.9,83.1,372,379,5.9,2.35,5,15,3.8,76.3,289,0,6.5,405,63.1,20,0.35,162,,,,,83.8,91.8,86.1,,90.9,,,66.7,,0,5,423,56.8,,113.2,0.0,0,22,1,1,23,8,1.9,2986,7.9,5,65.2,138,155,12.7,4.08,1,14,8.3,53.5,83,237,7.8,237,36.9,7,-0.19,61,,,,,76.4,70.5,47.1,,61.7,,,90.4,,4,7,254,36.7,18.6,74.1,18.6,44,37,0,12,6,8,3.1,1238,8.0
Baker Mayfield,46518,QB,TB,17,630,67.1,167,181,9.0,2.69,5,11,5.6,55.2,100,89,10.7,220,34.9,12,-0.12,67,,,,,28.7,63.4,83.9,,56.2,60.0,,91.4,,5,4,238,40.5,19.1,71.8,7.7,17,18,0,4,5,12,5.0,1027,5.7,0,30,41.4,70.0,64.8,86.8,74.2,345,362,8.4,2.99,4,17,4.3,67.1,243,133,5.1,410,65.1,13,0.04,131,,,,,55.9,71.3,86.3,,69.0,,,71.7,,3,7,442,47.6,14.3,100.0,4.6,19,25,1,9,21,16,3.6,2666,7.4,75.9,378,390,8.1,2.34,7,17,4.0,68.5,267,0,7.0,408,64.8,20,0.15,127,,,,,91.4,79.7,86.3,,77.8,,,64.9,,0,6,438,49.8,,98.4,0.0,0,10,1,4,19,14,3.2,2753,7.1,5,60.4,134,153,10.0,3.9,2,11,6.5,49.7,76,222,6.2,222,35.2,5,-0.32,71,,,,,20.9,49.9,83.9,,39.4,60.0,,90.5,,8,5,242,36.5,16.2,70.7,16.2,36,33,0,9,7,14,5.8,940,6.1
Sam Darnold,29048,QB,SEA,20,625,72.6,186,215,9.8,2.66,11,13,5.7,59.5,128,100,5.2,231,37.0,7,0.03,88,,,,,76.4,74.2,84.0,,72.9,,,60.3,,4,8,247,48.9,11.0,90.9,4.8,11,3,0,14,13,7,2.8,1785,8.3,0,29,38.9,79.0,79.9,41.6,79.8,326,353,8.3,2.78,5,21,5.7,71.1,251,122,3.5,394,63.0,9,0.12,135,,,,,36.1,80.6,86.1,,79.8,58.9,,54.2,,3,6,413,49.7,18.0,105.0,5.6,22,13,4,15,17,14,3.4,2935,8.3,80.4,373,389,8.5,2.4,7,22,5.4,74.0,288,0,4.0,403,64.5,12,0.32,163,,,,,86.0,91.0,86.1,,90.6,,,45.5,,0,6,423,56.1,,109.0,0.0,0,7,4,5,15,11,2.6,3622,9.3,5,68.3,139,179,9.7,3.35,9,12,6.2,50.8,91,222,4.2,222,35.5,4,-0.33,60,,,,,25.2,53.9,83.9,,53.1,58.9,,66.7,,7,8,237,37.4,14.9,79.3,14.9,33,9,0,24,15,10,4.2,1098,6.1
Jared Goff,10635,QB,DET,17,623,78.9,180,207,6.4,2.43,9,4,1.9,64.3,133,90,6.3,224,36.0,9,0.17,86,,,,64.7,90.2,77.4,44.7,,75.8,74.5,,,,5,2,233,48.2,17.8,105.2,7.1,16,0,0,13,13,3,1.3,1623,7.8,0,11,69.6,77.7,76.8,52.6,80.8,334,371,7.3,2.64,7,12,3.1,70.1,260,134,3.7,399,64.0,10,0.13,139,,,,,62.1,74.3,86.1,,73.5,39.9,,60.3,,5,6,415,48.4,16.4,105.6,5.5,22,5,2,23,21,10,2.4,2941,7.9,83.7,374,395,5.6,2.29,10,10,2.5,75.9,300,0,4.2,399,64.0,13,0.4,167,,,,64.7,91.3,89.8,61.6,,87.6,63.6,,63.1,,0,5,412,55.4,,121.7,0.0,0,3,2,9,32,5,1.2,3275,8.3,5,70.7,140,183,10.6,3.06,6,6,3.2,50.8,93,224,6.1,224,36.0,6,-0.31,58,,,,,39.1,52.3,83.9,,52.8,58.9,,57.3,,10,3,236,35.7,17.0,70.6,17.0,38,2,0,27,2,8,3.4,1289,7.0
Cam Ward,133244,QB,TEN,17,623,69.6,135,153,9.2,2.85,4,7,4.1,56.2,86,82,8.5,184,29.5,8,-0.26,53,,,,,35.1,65.9,83.2,,64.7,,,66.2,,2,3,202,37.0,29.3,75.4,13.0,24,5,0,12,4,6,3.0,953,6.2,0,31,30.0,58.4,56.4,70.1,71.1,350,387,7.2,3.04,5,14,3.4,61.2,237,148,4.8,439,70.5,12,-0.19,110,,,,,31.3,54.1,86.5,,52.6,,,70.6,,4,4,460,38.5,20.9,82.1,7.1,31,19,3,25,11,17,3.7,2216,5.7,73.8,366,379,7.0,2.34,6,12,3.0,67.5,256,0,5.2,393,63.1,14,0.05,119,,,,,83.5,72.5,86.1,,70.0,,,78.7,,0,3,415,44.8,,90.6,0.3,1,9,3,4,11,11,2.7,2350,6.2,3,61.3,119,161,10.2,4.08,3,9,5.2,41.6,67,230,8.2,230,36.9,6,-0.65,44,,,,,20.8,35.3,84.0,,34.7,,,62.2,,6,4,247,26.5,23.5,55.9,23.5,54,15,0,33,4,12,4.9,819,5.1
Patrick Mahomes,11765,QB,KC,14,594,73.3,120,128,7.7,2.59,3,8,5.9,65.6,84,49,4.5,143,24.1,4,0.15,54,,,,,87.9,79.8,82.1,,75.8,,,80.2,,0,4,152,55.2,14.3,89.4,4.9,7,6,0,5,5,3,2.0,1003,7.8,0,16,70.2,76.0,70.7,86.7,73.3,341,374,8.6,3.03,6,15,3.8,61.8,231,156,7.6,451,75.9,19,0.12,143,,,,,59.5,71.3,65.2,,66.5,,,82.2,,4,7,484,48.3,17.3,89.7,6.0,27,47,2,21,17,17,3.5,2584,6.9,78.4,343,354,6.7,2.39,7,8,2.2,71.5,253,0,5.9,389,65.5,16,0.26,142,,,,,85.5,80.4,86.0,,75.2,,,85.9,,0,6,410,58.4,,98.9,0.0,0,31,2,2,15,10,2.4,2564,7.2,5,58.5,118,148,13.1,3.96,2,15,9.1,41.9,62,205,10.1,205,34.5,7,-0.14,55,,,,,40.5,62.4,42.9,,59.4,,,73.4,,4,5,226,34.1,16.6,67.5,16.6,34,22,0,24,7,10,4.4,1023,6.9
Bryce Young,123943,QB,CAR,17,586,72.1,147,167,8.7,2.73,4,13,7.2,58.7,98,86,7.5,196,33.4,8,-0.23,59,,,,,60.5,68.2,83.4,,65.3,,,74.1,,3,4,211,41.8,15.1,86.4,6.6,13,14,0,13,10,6,2.8,1018,6.1,1,5,56.5,71.0,68.2,72.6,78.8,307,351,6.5,2.9,6,12,3.2,64.7,227,134,6.2,390,66.6,15,-0.02,122,,,,,52.3,69.7,86.1,,68.2,,,66.2,,6,8,415,45.9,11.9,86.6,4.1,16,21,2,30,14,11,2.7,2257,6.4,80.5,328,345,6.5,2.46,7,13,3.6,71.6,247,0,6.4,366,62.5,17,0.12,126,,,,,76.8,71.7,85.8,,70.5,,,63.9,,1,10,389,54.4,,93.7,0.0,0,18,2,7,16,11,2.8,2365,6.9,6,66.7,126,173,9.1,3.47,3,12,6.4,45.1,78,220,7.1,220,37.5,6,-0.44,55,,,,,28.9,65.1,83.8,,61.7,,,76.1,,8,2,237,28.2,13.2,72.2,13.2,29,17,0,36,8,6,2.5,910,5.3
Aaron Rodgers,2241,QB,PIT,17,579,73.6,106,117,6.2,2.41,3,6,4.8,61.5,72,38,7.7,131,22.6,6,-0.19,32,,,,,27.3,68.2,81.8,,69.1,,,46.3,,2,0,140,38.9,28.9,91.5,8.4,11,2,0,6,5,4,2.9,672,5.7,0,25,52.9,68.0,68.8,42.7,75.6,381,414,6.7,2.63,6,21,4.8,65.7,272,116,5.6,448,77.4,16,-0.02,121,,,,,68.5,66.6,86.6,,67.1,,,44.1,,5,8,472,43.5,19.0,92.2,4.9,22,10,2,20,19,12,2.5,2796,6.8,78.4,403,413,6.0,2.22,6,18,4.1,71.4,295,0,6.6,425,73.4,21,0.18,133,,,,,87.0,79.4,86.4,,80.0,,,36.2,,0,6,447,50.1,,99.1,0.0,0,10,2,2,19,8,1.8,2795,6.8,6,59.5,84,118,9.5,3.58,3,9,7.0,41.5,49,154,2.0,154,26.6,1,-0.71,20,,,,,23.1,38.1,82.4,,38.8,,,62.1,,7,2,165,21.4,21.4,67.5,21.4,33,2,0,24,5,8,4.8,673,5.7
Jalen Hurts,40291,QB,PHI,17,569,73.6,178,192,8.3,2.72,3,9,4.4,64.1,123,95,6.1,223,39.2,8,-0.02,68,,,,,60.6,69.6,83.8,,66.4,,,77.8,,3,3,237,43.5,18.9,103.3,8.1,18,11,0,8,15,7,3.0,1302,6.8,0,24,61.2,79.0,76.7,71.6,74.5,267,297,9.8,3.27,3,16,5.1,64.3,191,107,4.0,346,60.8,8,0.09,104,,,,,75.5,81.6,85.6,,79.9,,,66.7,,4,3,365,45.1,14.0,93.1,4.3,15,29,2,21,11,5,1.4,2090,7.0,75.7,334,346,8.9,2.62,5,15,4.1,70.2,243,0,4.0,367,64.5,10,0.25,124,,,,,88.0,86.1,85.8,,83.9,,,65.9,,0,1,386,50.7,,109.5,0.0,0,15,2,5,20,4,1.0,2561,7.4,5,69.4,111,143,10.3,3.84,1,10,6.5,49.7,71,202,7.8,202,35.5,6,-0.33,48,,,,,40.5,61.1,83.5,,56.8,,,73.6,,7,5,216,33.2,16.3,67.1,16.3,33,25,0,24,6,8,3.7,831,5.8
C.J. Stroud,129759,QB,HST,16,559,70.6,170,184,8.3,2.66,3,6,3.0,63.6,117,98,2.5,203,36.3,3,0.01,66,,,,,70.2,56.1,83.6,,55.3,,,67.6,,5,4,221,45.8,13.3,83.7,6.4,13,6,0,6,4,11,5.0,1346,7.3,0,13,60.7,65.0,62.0,73.2,68.7,291,318,8.7,2.9,4,12,3.5,61.9,197,111,1.5,356,63.7,3,0.03,101,,,,,59.3,67.7,85.7,,66.0,,,68.1,,3,9,383,43.8,14.4,88.0,4.5,16,22,3,17,17,12,3.1,2157,6.8,74.4,324,334,7.9,2.47,5,11,3.1,70.7,236,0,2.1,350,62.6,5,0.29,119,,,,,91.1,81.0,85.6,,79.0,,,66.4,,0,5,369,52.3,,102.7,0.0,0,16,3,2,16,9,2.4,2563,7.7,4,57.7,137,168,10.1,3.39,2,7,3.8,46.4,78,209,1.3,209,37.4,1,-0.41,48,,,,,28.0,36.6,83.8,,35.5,,,69.2,,8,8,235,31.6,13.9,54.2,13.9,29,12,0,21,5,14,6.0,940,5.6
Jacoby Brissett,10725,QB,ARZ,13,550,78.1,96,107,8.3,2.85,0,4,3.4,68.2,73,71,2.7,128,23.3,2,-0.03,53,,,,,39.8,72.4,81.7,,71.1,,,63.4,,4,1,137,51.6,21.1,95.3,11.7,15,6,0,7,2,4,2.9,873,8.2,0,1,52.2,70.6,68.6,68.9,73.8,347,378,8.0,3.0,3,13,3.3,64.0,242,154,5.5,422,76.7,14,-0.01,120,,,,,66.9,68.2,86.3,,66.0,,,73.5,,3,7,444,43.8,18.2,93.7,6.6,28,16,1,24,21,12,2.7,2493,6.6,79.6,313,320,7.0,2.51,2,12,3.6,73.1,234,0,6.0,325,59.1,15,0.28,116,,,,,90.9,86.0,85.3,,83.9,,,63.3,,1,7,344,56.0,,103.5,0.0,0,5,1,3,18,8,2.3,2365,7.4,3,63.1,130,165,10.6,3.63,1,5,2.9,49.1,81,225,1.2,225,40.9,1,-0.44,57,,,,,26.7,45.7,83.8,,42.8,,,73.6,,6,1,237,30.7,19.1,75.8,19.1,43,17,0,28,5,8,3.4,1001,6.1
Jordan Love,40306,QB,GB,16,542,75.0,156,177,9.4,2.65,2,12,6.5,61.0,108,87,7.7,191,35.2,9,0.24,72,,,,,67.9,90.9,83.2,,90.0,,,63.3,,4,3,201,51.3,10.3,105.7,4.7,9,4,0,15,14,5,2.5,1421,8.0,0,12,62.9,88.8,88.7,54.5,77.9,280,308,9.3,2.91,4,18,5.5,67.2,207,122,5.0,351,64.8,11,0.18,113,,,,,67.6,82.2,85.6,,81.0,,,61.3,,5,3,371,50.7,10.7,99.0,3.7,13,21,1,18,13,10,2.7,2283,7.4,82.6,304,315,8.7,2.41,4,20,6.1,77.8,245,0,2.4,333,61.4,6,0.56,137,,,,,82.7,95.1,85.3,,94.2,,,55.3,,0,2,346,61.9,,129.4,0.0,0,9,1,6,26,5,1.4,2863,9.1,5,63.6,132,170,11.0,3.49,2,10,5.4,41.2,70,209,16.7,209,38.6,14,-0.37,48,,,,,47.2,58.3,83.7,,56.9,,,66.5,,9,4,226,33.5,10.5,49.2,10.5,22,16,0,27,1,10,4.4,841,4.9
Geno Smith,7820,QB,LV,15,524,75.6,131,143,7.1,2.66,2,4,2.7,65.7,94,87,5.1,174,33.2,5,-0.09,57,,,,,89.3,62.5,82.8,,59.5,,,83.1,,3,5,182,44.8,27.6,87.2,13.8,24,5,1,6,6,7,3.8,1062,7.4,0,23,67.4,60.9,58.2,70.3,77.5,284,305,6.9,2.85,6,10,3.1,68.2,208,125,5.5,350,66.8,12,-0.17,97,,,,,61.3,58.6,85.7,,57.8,,,64.5,,4,12,375,43.1,24.8,83.5,8.9,31,13,1,10,13,16,4.3,1963,6.4,81.9,299,307,5.8,2.42,3,9,2.8,75.6,232,0,5.3,312,59.5,13,0.24,119,,,,,90.8,83.0,85.1,,79.9,,,80.0,,0,9,326,53.5,,98.9,0.0,0,4,2,3,14,8,2.5,2273,7.4,4,63.8,116,141,9.9,3.33,5,5,3.2,49.6,70,212,5.4,212,40.5,4,-0.71,35,,,,,42.4,29.3,83.7,,28.8,,,66.9,,7,8,231,29.2,25.9,53.9,25.9,55,14,0,13,5,15,6.5,752,5.3
Tua Tagovailoa,60326,QB,MIA,14,440,75.7,111,120,7.5,2.53,3,3,2.4,63.3,76,48,9.5,135,30.7,8,-0.14,50,,,,,47.5,60.8,81.9,,60.5,,,,,0,6,142,43.7,27.1,90.1,9.6,13,0,0,6,10,8,5.6,815,6.8,0,17,45.4,62.1,65.8,27.0,76.9,251,264,7.1,2.56,1,15,5.3,69.7,184,83,4.7,305,69.3,9,0.01,93,,,,,72.2,64.6,85.1,,67.5,60.0,,30.3,,1,9,323,43.3,20.5,87.7,5.6,17,12,2,9,10,17,5.3,1845,7.0,79.1,282,290,7.0,2.2,2,14,4.6,72.4,210,0,5.8,309,70.2,13,0.15,111,,,,,72.4,75.0,85.1,,75.8,60.0,,30.7,,0,9,325,49.5,,95.8,0.0,0,5,2,4,13,17,5.2,2185,7.5,4,67.5,80,94,8.0,3.38,2,4,3.9,53.2,50,131,7.4,131,29.8,4,-0.47,32,,,,,47.0,39.8,81.8,,42.7,,,45.1,,1,6,140,29.0,22.9,65.7,22.9,30,7,0,11,7,8,5.7,475,5.1
Joe Flacco,4332,QB,CIN,12,438,69.3,101,114,9.0,2.44,2,8,6.3,51.8,59,53,15.7,120,27.4,11,-0.26,36,,,,,37.9,66.9,81.6,,66.2,,,,,1,5,133,40.8,11.3,54.4,5.0,6,0,0,10,1,4,3.0,672,5.9,1,7,60.2,68.0,66.8,76.1,74.4,273,302,7.1,2.65,3,8,2.5,63.6,192,95,5.4,318,72.6,11,-0.14,82,,,,,69.1,67.3,85.2,,65.6,,,73.5,,6,5,333,40.9,12.6,88.5,3.8,12,4,4,16,14,11,3.3,1807,6.0,76.9,277,286,7.0,2.32,3,9,3.0,69.6,199,0,6.6,290,66.2,14,0.11,91,,,,,90.7,84.9,84.9,,82.5,,,66.7,,0,3,308,49.3,,99.2,0.3,1,3,4,2,13,5,1.6,1945,6.8,8,61.9,97,130,9.4,3.14,2,7,5.0,40.0,52,148,13.3,148,33.8,8,-0.72,27,,,,,25.3,36.3,82.3,,36.7,,,65.9,,7,7,158,24.3,11.5,35.2,11.5,17,1,0,24,2,10,6.3,534,4.1
Daniel Jones,39395,QB,IND,13,429,69.3,140,151,8.6,2.55,5,6,3.6,58.9,89,78,8.2,167,38.9,8,0.12,65,,,,,69.6,69.1,82.8,,65.5,,,81.6,,3,1,182,46.1,10.3,96.3,4.8,8,8,0,3,7,5,2.7,1173,7.8,0,14,50.5,71.7,68.7,73.7,80.6,222,233,8.6,2.88,2,7,2.8,73.8,172,73,3.9,262,61.1,7,0.16,92,,,,,34.6,67.6,84.5,,68.9,58.9,,47.6,,2,7,278,55.0,19.2,102.7,5.3,14,15,2,5,12,13,4.7,1928,8.3,78.0,259,267,8.7,2.53,4,7,2.4,72.3,193,0,4.5,278,64.8,9,0.31,111,,,,,90.7,76.4,84.7,,73.5,,,76.6,,0,8,298,58.3,,100.1,0.0,0,11,2,2,12,13,4.4,2260,8.5,5,71.8,103,117,8.3,3.17,3,6,4.7,58.1,68,151,8.1,151,35.2,6,-0.16,46,,,,,22.8,54.5,82.4,,56.8,58.9,,47.5,,5,0,162,39.1,14.6,100.4,14.6,22,12,0,6,7,5,3.1,841,7.2
Jaxson Dart,146409,QB,NYG,13,413,74.5,106,115,7.5,2.84,3,6,4.6,63.5,73,58,7.6,138,33.4,6,-0.07,45,,,,,88.2,67.0,82.3,,64.2,60.0,,72.9,,5,3,157,44.9,22.4,96.9,9.4,13,10,0,1,8,4,2.5,817,7.1,1,21,51.4,67.9,64.2,76.9,74.4,207,224,9.4,3.19,5,13,5.5,63.8,143,94,7.1,275,66.6,11,0.02,76,,,,,62.6,68.9,84.6,,63.2,60.0,,84.8,,0,2,290,44.7,23.4,89.0,8.0,22,28,1,11,7,11,3.8,1455,6.5,79.4,238,246,7.5,2.48,6,8,3.1,71.5,176,0,6.9,261,63.2,13,0.17,83,,,,,75.0,75.8,84.4,,71.1,60.0,,88.9,,0,3,274,54.4,,97.4,0.4,1,13,1,1,9,8,2.9,1690,6.9,9,58.7,75,93,12.8,4.1,2,11,10.2,43.0,40,152,9.1,152,36.8,4,-0.33,38,,,,,69.0,56.9,82.6,,51.5,60.0,,74.7,,5,2,173,28.3,22.4,76.5,22.4,34,25,0,11,6,7,4.0,582,6.3
Brock Purdy,77672,QB,SF,11,384,74.1,81,91,9.3,3.09,1,7,7.5,62.6,57,47,5.0,102,26.6,3,0.06,49,,,,,55.5,75.0,80.7,,70.8,,,79.3,,2,6,105,52.9,10.6,84.0,4.9,5,6,0,7,7,8,7.6,690,7.6,1,28,65.8,85.4,82.6,75.7,80.3,229,251,7.6,3.27,2,8,3.0,68.9,173,109,6.0,282,73.4,11,0.09,111,,,,,79.7,85.5,84.8,,83.6,57.7,,66.5,,5,7,299,50.0,8.3,99.0,3.2,9,19,0,15,15,7,2.3,1879,7.5,83.3,210,216,7.8,2.79,2,10,4.4,76.4,165,0,5.7,228,59.4,10,0.39,113,,,,,90.3,90.7,83.9,,88.3,,,75.9,,0,7,239,61.0,,112.6,0.0,0,9,0,4,15,8,3.3,1928,8.9,3,69.0,100,126,8.7,3.86,1,5,3.8,51.6,65,156,5.8,156,40.6,4,-0.37,47,,,,,45.7,67.6,82.5,,65.8,57.7,,67.1,,7,6,165,35.9,9.0,64.9,9.0,14,16,0,18,7,7,4.2,641,5.1
Tyler Shough,83537,QB,NO,11,378,72.0,82,90,9.9,2.79,3,2,2.0,60.0,54,44,8.5,108,28.6,5,-0.03,31,,,,,86.0,76.6,81.2,,73.1,59.0,,75.6,,1,1,118,40.7,25.0,87.2,10.2,11,7,0,4,3,1,0.8,618,6.9,0,20,86.6,74.6,73.1,64.8,78.1,224,237,8.2,2.66,3,11,4.5,70.5,167,80,4.6,270,71.4,8,0.01,82,,,,,78.8,70.4,84.5,,70.4,,,55.9,,2,5,279,45.2,25.0,92.9,7.4,20,13,3,5,7,7,2.5,1766,7.5,80.9,235,249,8.0,2.34,6,8,3.1,73.1,182,0,4.2,254,67.2,8,0.19,91,,,,,90.4,86.0,84.3,,84.7,59.0,,53.3,,0,4,262,51.6,,97.2,0.0,0,5,3,5,7,4,1.5,1887,7.6,0,62.0,71,78,10.8,3.42,0,5,6.0,50.0,39,124,11.4,124,32.8,5,-0.39,22,,,,,62.9,48.8,81.7,,44.6,,,69.8,,3,2,135,28.2,25.0,72.4,25.0,31,15,0,4,3,4,3.0,497,6.4
Lamar Jackson,46416,QB,BLT,13,368,81.9,116,130,9.8,2.82,4,5,3.5,64.6,84,60,11.6,148,40.2,11,0.29,60,,,,,88.4,92.9,82.3,,91.9,,,68.5,,4,3,161,54.7,18.3,119.8,7.4,11,7,0,6,13,2,1.2,1254,9.6,0,3,45.5,74.0,69.0,78.6,68.8,160,172,9.7,3.39,4,4,2.2,62.8,108,96,1.8,220,59.8,2,-0.15,62,,,,,26.2,48.5,83.8,,44.7,58.9,,75.2,,1,4,232,43.6,26.0,91.6,11.4,25,23,2,5,8,10,4.3,1295,7.5,76.3,194,202,9.1,2.45,5,6,2.8,68.8,139,0,6.1,212,57.6,9,0.25,81,,,,,70.4,84.7,83.6,,83.5,,,58.4,,0,4,223,56.6,,113.4,0.5,1,9,2,1,16,6,2.7,1738,8.6,4,69.5,82,100,11.1,4.12,3,3,2.7,53.0,53,156,7.0,156,42.4,4,-0.28,41,,,,,26.3,51.5,82.6,,44.7,58.9,,82.0,,5,3,170,36.5,22.4,84.2,22.4,35,21,0,10,5,6,3.5,811,8.1
Mac Jones,60323,QB,SF,9,321,71.0,69,77,7.9,2.46,3,1,1.2,59.7,46,32,6.1,84,26.2,3,-0.14,30,,,,,84.0,67.7,80.1,,64.9,,,74.8,,1,2,89,47.6,15.6,91.2,6.0,5,2,0,4,6,2,2.2,447,5.8,0,28,72.4,76.7,75.4,66.9,82.6,201,216,7.7,2.73,4,7,3.1,72.7,157,64,5.4,237,73.8,9,0.14,80,,,,,76.2,78.9,84.0,,77.4,,,62.9,,3,4,245,51.9,18.8,98.7,5.1,12,7,3,5,7,8,3.3,1708,7.9,84.0,206,219,7.6,2.43,7,6,2.7,74.0,162,0,6.4,225,70.1,11,0.33,88,,,,,90.2,89.6,83.7,,86.1,,,75.6,,0,3,231,59.1,,107.3,0.0,0,5,3,3,10,5,2.2,1791,8.2,3,65.6,64,74,8.3,3.19,0,2,2.5,55.4,41,96,2.4,96,29.9,1,-0.56,22,,,,,55.4,47.5,80.6,,47.7,,,59.8,,4,3,103,31.3,17.7,65.4,17.7,17,4,0,6,3,5,4.9,364,4.9
Michael Penix Jr.,82134,QB,ATL,9,303,71.2,73,86,8.7,2.69,1,3,3.2,55.8,48,38,7.7,94,31.0,4,-0.14,29,,,,,55.8,55.6,80.7,,55.7,,,59.2,,5,0,105,43.6,13.2,90.7,5.3,5,3,0,7,3,5,4.8,629,7.3,0,2,73.1,59.3,58.0,66.2,71.3,174,190,8.8,2.87,2,5,2.5,62.1,118,68,4.8,209,69.0,6,0.08,75,,,,,79.0,61.5,83.6,,59.7,,,70.6,,4,3,220,48.8,11.8,87.5,3.8,8,10,0,10,6,6,2.7,1353,7.1,74.9,183,188,7.8,2.55,1,6,3.0,68.1,128,0,6.6,197,65.0,9,0.19,77,,,,,90.0,70.5,83.3,,69.4,,,63.0,,0,3,207,54.8,,99.3,0.0,0,8,0,4,8,7,3.4,1485,7.9,7,60.9,64,88,11.5,3.31,2,2,2.1,43.2,38,106,2.6,106,35.0,1,-0.31,27,,,,,40.1,41.0,81.2,,39.9,,,70.5,,9,0,118,33.0,12.3,65.4,12.3,13,5,0,13,1,4,3.4,497,5.6
Spencer Rattler,97408,QB,NO,9,292,75.7,74,79,9.3,2.61,0,5,6.0,68.4,54,43,3.6,93,31.8,2,-0.09,30,,,,,84.8,85.1,80.5,,81.3,58.8,,77.5,,0,2,98,50.5,18.6,87.5,8.6,8,4,0,5,2,2,2.0,579,7.3,0,20,44.8,70.0,66.1,76.9,75.6,168,178,7.9,2.63,2,6,3.1,67.4,120,68,5.5,199,68.2,7,-0.13,53,,,,,28.3,55.9,83.5,,56.1,60.0,,57.6,,1,3,216,45.7,14.7,86.0,5.0,10,11,3,4,6,15,6.9,1007,5.7,79.2,168,175,6.8,2.22,2,5,2.7,71.4,125,0,6.0,181,62.0,8,-0.06,53,,,,,70.9,70.3,83.1,,71.8,57.1,,36.2,,0,3,193,51.9,,88.0,0.0,0,4,3,2,5,11,5.7,1009,5.8,3,67.6,74,82,11.8,3.29,0,6,6.8,59.8,49,111,2.0,111,38.0,1,-0.22,30,,,,,26.0,60.6,81.3,,54.9,,,79.6,,1,2,121,39.6,16.2,83.2,16.2,18,11,0,7,3,6,5.0,577,7.0
J.J. McCarthy,144918,QB,MIN,10,291,63.6,66,75,10.5,2.91,7,5,6.3,52.0,39,41,7.1,90,30.9,3,-0.39,27,,,,,23.2,52.5,0.0,,49.0,60.0,,84.3,,1,4,96,41.1,24.4,66.5,11.1,10,5,0,1,3,7,7.3,539,7.2,0,18,28.3,61.8,60.1,71.6,74.2,155,168,9.1,3.06,4,14,7.7,60.1,101,74,12.2,201,69.1,14,-0.04,61,,,,,90.1,70.5,83.4,,66.3,,,82.9,,5,8,214,44.8,23.0,75.3,8.5,17,12,0,4,8,8,3.7,1093,6.5,73.2,157,166,8.5,2.63,9,11,6.4,61.4,102,0,11.3,176,60.5,13,0.0,60,,,,,89.4,73.1,82.9,,69.7,60.0,,81.0,,0,9,184,49.4,,75.5,0.0,0,6,0,0,8,6,3.3,1144,6.9,6,65.6,64,77,12.0,3.6,2,8,9.1,49.4,38,115,9.5,115,39.5,4,-0.37,28,,,,,25.6,50.9,11.3,,45.5,,,85.3,,6,3,126,34.8,23.5,66.4,23.5,27,11,0,5,3,9,7.1,488,6.3
Kirk Cousins,7102,QB,ATL,10,289,71.4,84,90,8.4,2.46,1,4,4.3,63.3,57,42,5.0,98,33.9,3,0.03,34,,,,,55.4,67.8,80.6,,66.2,,,64.4,,0,1,101,48.0,14.3,99.9,6.1,6,1,0,5,5,3,3.0,672,7.5,0,2,68.4,76.0,75.0,66.3,72.7,165,179,6.9,2.63,1,5,2.6,60.9,109,61,9.2,191,66.1,11,-0.11,53,,,,,72.2,78.4,83.2,,77.0,,,58.3,,3,4,201,41.4,11.5,77.2,3.7,7,1,3,7,5,2,1.0,1049,5.9,77.1,175,180,6.5,2.41,1,7,3.7,70.6,127,0,5.9,186,64.4,8,0.11,61,,,,,89.8,85.7,83.1,,83.0,,,64.4,,0,4,194,51.6,,92.7,0.0,0,1,3,1,7,2,1.0,1213,6.7,5,60.8,74,89,9.5,2.87,1,2,2.1,43.8,39,103,13.3,103,35.6,6,-0.38,26,,,,,29.9,56.5,80.8,,56.9,,,58.3,,3,1,108,29.1,12.6,68.9,12.6,13,1,0,11,3,3,2.8,508,5.7
Joe Burrow,28022,QB,CIN,8,288,77.0,61,63,8.9,2.51,0,7,10.4,71.4,45,27,4.3,71,24.7,2,0.24,33,,,,,83.0,81.7,79.5,,81.9,,,48.8,,0,2,75,53.5,22.2,122.6,8.5,6,2,0,2,8,2,2.7,523,8.3,0,7,90.7,91.8,91.3,59.0,74.7,182,196,7.8,2.84,3,11,5.4,65.3,128,59,5.9,217,75.3,8,0.0,68,,,,,90.2,91.3,83.7,,90.9,,,52.6,,3,3,228,47.9,18.6,92.8,5.1,11,7,0,8,9,0,0.0,1286,6.6,77.4,190,193,7.4,2.47,1,12,6.0,72.5,140,0,4.8,202,70.1,7,0.25,76,,,,,90.0,92.4,83.3,,91.9,,,50.4,,0,3,208,55.9,,108.0,0.0,0,6,0,2,12,1,0.5,1446,7.5,4,67.9,53,66,10.7,3.44,2,6,8.2,50.0,33,86,8.3,86,29.9,3,-0.39,25,,,,,84.5,76.3,80.3,,76.8,,,51.7,,3,2,95,33.7,19.8,79.3,19.8,17,3,0,8,5,1,1.1,363,5.5
Marcus Mariota,9435,QB,WAS,10,262,71.6,88,95,10.5,2.79,2,6,5.8,61.1,58,48,7.9,111,42.4,5,-0.03,38,,,,,25.1,60.8,81.2,,62.4,,,48.3,,1,3,120,48.6,16.7,90.2,7.2,8,7,0,4,5,7,5.8,748,7.9,0,32,29.6,71.4,72.3,55.8,70.0,120,132,10.7,2.97,1,11,7.7,61.4,81,40,3.6,151,57.6,3,-0.01,47,,,,,67.2,79.0,82.4,,77.1,,,66.8,,0,4,165,46.4,20.0,83.1,5.3,8,11,2,9,5,5,3.0,947,7.2,75.5,159,166,9.1,2.42,2,11,6.3,68.7,114,0,5.0,174,66.4,6,0.21,63,,,,,69.8,86.1,82.9,,85.5,,,51.1,,0,3,184,55.7,,96.6,0.0,0,7,2,3,7,4,2.2,1225,7.4,4,55.1,49,61,15.5,3.84,1,6,8.5,41.0,25,88,7.4,88,33.6,2,-0.47,22,,,,,23.5,46.0,80.6,,44.2,,,64.8,,1,4,101,30.7,18.2,57.4,18.2,16,11,0,10,3,8,7.9,470,7.7
Justin Fields,82118,QB,NYJ,9,260,68.9,61,70,7.9,2.93,2,2,2.6,55.7,39,53,7.1,87,33.5,3,-0.11,26,,,,,52.9,72.3,80.4,,65.8,60.0,,89.4,,4,0,95,37.9,24.5,109.6,14.9,13,4,0,3,7,3,3.2,467,6.7,0,22,44.4,67.3,65.5,65.8,80.5,118,134,6.9,3.16,8,4,2.8,66.4,89,63,6.3,173,66.5,6,-0.14,41,,,,,49.6,62.6,82.8,,63.9,57.6,,55.5,,1,1,181,45.1,22.2,78.9,8.1,14,24,2,5,0,4,2.2,792,5.9,78.5,121,130,6.3,2.67,7,4,2.9,68.5,89,0,6.3,144,55.4,6,0.07,44,,,,,87.8,76.1,82.1,,77.6,55.2,,53.5,,0,1,150,50.0,,86.2,0.0,0,13,2,0,1,3,2.0,864,6.6,3,72.4,58,74,9.1,3.6,3,2,2.5,52.7,39,116,7.1,116,44.6,3,-0.38,23,,,,,26.3,54.5,81.4,,48.2,,,76.6,,5,0,126,33.6,23.3,95.3,23.3,27,15,0,8,6,4,3.2,395,5.3
Shedeur Sanders,131396,QB,CLV,8,255,65.1,43,51,11.8,3.06,3,5,9.6,52.9,27,43,3.6,64,25.1,1,-0.11,20,,,,,40.5,56.6,78.9,,56.8,,,58.4,,3,2,65,39.1,16.3,76.8,10.9,7,5,0,2,2,4,6.2,414,8.1,0,8,48.7,44.1,42.3,67.9,71.2,139,161,6.4,3.38,1,5,3.0,57.8,93,88,6.1,191,74.9,6,-0.34,40,,,,,71.7,43.0,83.2,,39.1,,,78.2,,6,8,200,35.6,18.2,65.4,8.4,16,13,0,15,5,11,5.5,986,6.1,74.5,110,116,6.1,2.78,2,5,4.2,69.0,80,0,2.4,124,48.6,2,0.04,33,,,,,86.7,53.9,81.5,,51.4,,,73.0,,0,4,128,46.0,,89.8,0.0,0,7,0,4,5,7,5.5,843,7.3,7,62.5,72,96,10.1,3.8,2,5,5.0,41.7,40,131,11.1,131,51.4,5,-0.58,27,,,,,38.6,41.3,81.7,,38.4,,,69.2,,9,6,137,27.5,17.6,41.9,17.6,23,11,0,13,2,8,5.8,557,5.8
Jayden Daniels,97993,QB,WAS,7,244,67.2,64,73,7.5,2.84,2,5,6.3,52.1,38,38,11.6,88,36.1,5,-0.18,23,,,,,28.8,55.9,80.5,,56.2,,,57.8,,0,1,98,38.6,13.2,76.3,5.7,5,10,0,7,3,4,4.1,401,5.5,0,32,52.1,74.9,73.8,65.6,81.7,104,115,8.1,3.18,3,5,4.0,66.1,76,59,10.6,156,63.9,9,0.09,46,,,,,88.7,87.2,82.5,,82.7,,,78.3,,0,2,168,51.3,22.0,95.6,8.3,13,28,2,6,5,4,2.4,861,7.5,80.6,124,132,7.4,2.59,3,6,4.2,65.9,87,0,13.0,147,60.2,13,0.18,45,,,,,88.2,90.7,82.3,,89.0,,,72.2,,0,2,158,54.4,,91.8,0.0,0,15,2,3,5,3,1.9,903,6.8,3,63.6,44,56,9.1,3.77,2,4,6.3,48.2,27,97,3.6,97,39.8,1,-0.29,24,,,,,29.6,50.0,80.8,,43.7,,,68.9,,0,1,108,35.1,18.6,79.4,18.6,18,23,0,10,3,5,4.6,359,6.4
Dillon Gabriel,86272,QB,CLV,10,217,67.8,59,63,6.1,2.67,0,1,1.4,58.7,37,36,7.5,75,34.6,3,-0.3,15,,,,,83.5,47.1,79.7,,49.5,,,48.2,,0,1,81,30.7,25.0,75.7,12.0,9,3,0,4,2,4,4.9,313,5.0,0,8,90.2,49.0,49.6,58.8,69.9,113,122,6.6,2.79,4,2,1.6,59.8,73,52,7.6,142,65.4,6,-0.15,34,,,,,87.8,54.0,82.1,,52.2,60.0,,69.5,,3,1,151,36.6,19.2,83.5,7.0,10,8,1,1,5,6,4.0,624,5.1,69.7,119,122,5.9,2.42,2,1,0.8,63.9,78,0,6.0,129,59.4,5,-0.02,32,,,,,87.0,57.0,81.6,,56.0,,,66.2,,0,1,134,38.8,,81.2,0.0,0,5,1,0,3,7,5.2,617,5.1,5,67.9,53,63,7.5,3.24,2,2,2.8,50.8,32,88,11.1,88,40.6,4,-0.48,17,,,,,84.7,43.6,80.5,,44.1,60.0,,57.3,,3,1,98,28.4,21.6,80.1,21.6,19,6,0,5,4,3,3.1,320,5.1
Carson Wentz,10636,QB,MIN,5,199,59.0,39,45,11.5,2.6,2,0,0.0,48.9,22,27,4.3,54,27.1,1,-0.11,17,,,,,25.7,33.8,78.5,,34.4,,,62.9,,0,1,57,40.7,25.9,66.7,13.0,7,2,0,4,1,4,7.0,278,6.2,0,18,43.4,50.4,50.0,62.7,77.1,118,124,7.4,2.68,0,3,2.3,71.0,88,51,3.3,145,72.9,3,0.02,44,,,,,66.1,60.2,82.2,,59.9,56.7,,61.1,,2,4,153,49.0,23.5,92.7,8.3,12,7,1,3,5,4,2.6,938,7.6,74.1,116,118,7.6,2.23,1,0,0.0,71.2,84,0,2.3,121,60.8,2,0.19,42,,,,,86.7,62.4,81.5,,61.5,56.7,,66.1,,0,3,128,56.2,,95.0,0.0,0,2,1,0,5,3,2.3,850,7.2,3,68.3,41,51,10.8,3.33,1,3,5.7,51.0,26,78,7.1,78,39.2,2,-0.35,19,,,,,23.9,35.2,79.8,,35.2,,,59.0,,2,2,82,32.1,24.4,64.7,24.4,19,7,0,7,1,5,6.1,366,7.2
Kyler Murray,38334,QB,ARZ,5,195,73.5,34,39,7.0,3.0,2,1,2.3,64.1,25,22,0.0,49,25.1,0,0.11,18,,,,,80.9,73.8,78.3,,66.3,,,81.5,,0,1,54,51.0,18.2,82.3,8.2,4,6,0,3,1,1,1.9,271,6.9,0,1,90.2,72.2,69.5,71.4,79.8,114,122,6.1,2.88,5,3,2.3,69.7,85,45,6.6,146,74.9,6,0.04,41,,,,,88.2,71.7,82.2,,69.0,,,71.1,,1,2,157,44.5,26.7,90.6,8.2,12,11,0,2,5,2,1.3,691,5.7,81.7,115,122,5.5,2.36,6,2,1.6,73.8,90,0,4.3,128,65.6,4,0.24,41,,,,,87.1,77.6,81.7,,74.5,,,73.6,,0,2,135,52.3,,97.0,0.0,0,5,0,1,6,2,1.5,698,5.7,4,66.7,33,39,9.4,3.97,1,2,4.3,51.3,20,67,9.1,67,34.4,2,-0.3,18,,,,,83.1,63.7,79.5,,56.5,,,76.7,,1,1,76,34.3,23.9,62.3,23.9,16,12,0,4,0,1,1.3,264,6.8
Brady Cook,124199,QB,NYJ,5,179,66.0,47,49,7.0,2.58,1,1,2.0,55.1,27,20,12.9,60,33.5,4,-0.79,13,,,,,81.7,29.2,78.8,,30.2,,,57.9,,0,4,62,26.7,50.0,35.1,16.7,10,1,0,1,0,7,11.3,248,5.1,0,22,39.2,32.4,32.7,50.4,70.5,95,104,5.3,2.78,4,0,0.0,58.7,61,29,9.0,119,66.5,6,-0.33,23,,,,,33.5,40.4,81.3,,41.3,,,56.2,,1,3,122,34.5,31.0,65.0,7.6,9,6,0,4,2,6,4.9,491,4.7,73.6,121,127,5.4,2.37,4,1,0.8,62.2,79,0,11.2,130,72.6,10,-0.11,35,,,,,87.0,46.2,81.6,,46.3,,,63.1,,0,6,134,40.8,,61.8,0.0,0,3,0,2,2,9,6.7,679,5.3,1,42.9,21,26,8.6,3.63,1,0,0.0,34.6,9,49,0.0,49,27.4,0,-1.47,1,,,,,22.8,23.3,78.0,,24.2,,,50.0,,1,1,50,8.2,38.8,27.4,38.8,19,4,0,3,0,4,8.0,60,2.3
Davis Mills,52269,QB,HST,6,174,68.5,54,59,10.1,2.48,0,3,4.7,57.6,34,24,8.1,64,36.8,3,-0.04,22,,,,,82.5,70.9,79.2,,70.2,,,60.5,,2,1,70,50.0,8.3,75.5,3.1,2,3,0,3,0,3,4.3,460,7.8,0,13,57.9,64.0,67.6,43.6,68.1,94,100,8.5,2.59,1,4,3.9,57.0,57,30,10.9,110,63.2,7,-0.15,28,,,,,85.8,65.2,81.0,,63.8,58.9,,67.5,,1,0,113,38.2,20.0,85.2,5.5,6,4,0,4,5,5,4.4,455,4.6,74.6,114,116,8.2,2.26,1,6,4.9,66.4,77,0,9.4,120,69.0,8,0.12,41,,,,,86.6,85.8,81.4,,85.3,,,50.3,,0,1,126,52.5,,92.1,0.0,0,4,0,1,4,3,2.4,746,6.4,3,47.1,34,43,12.1,3.19,0,1,2.3,32.6,14,54,12.5,54,31.0,2,-0.62,9,,,,,81.2,32.3,78.5,,29.3,58.9,,77.7,,3,0,57,20.4,14.8,53.3,14.8,8,3,0,6,1,5,8.8,169,3.9
Tyrod Taylor,6332,QB,NYJ,6,170,71.4,49,55,8.4,3.04,3,1,1.8,56.4,31,35,11.4,69,40.6,4,-0.28,20,,,,,82.4,51.6,79.2,,52.0,,,57.4,,1,2,70,40.6,20.0,69.4,10.1,7,7,0,2,2,5,7.1,308,5.6,0,22,89.4,60.7,58.2,65.9,77.5,71,79,10.0,3.37,3,1,1.2,62.0,49,36,10.9,101,59.4,6,-0.02,30,,,,,85.5,66.4,80.8,,63.2,,,69.8,,0,3,108,44.6,19.4,75.4,6.9,7,15,1,4,3,2,1.9,471,6.0,74.7,83,89,9.1,2.8,3,0,0.0,61.8,55,0,11.3,99,58.2,7,0.02,28,,,,,85.2,58.2,80.7,,56.1,,,67.7,,0,4,104,45.5,,68.9,0.0,0,10,1,2,3,6,5.8,487,5.5,2,75.7,37,45,9.7,3.84,3,2,4.3,55.6,25,71,10.7,71,41.8,3,-0.32,22,,,,,82.8,63.2,79.4,,62.1,,,62.6,,1,1,74,39.4,19.7,81.0,19.7,14,12,0,4,2,1,1.4,292,6.5
Russell Wilson,7077,QB,NYG,6,141,72.7,22,28,7.1,2.47,1,1,2.9,57.1,16,12,0.0,32,22.7,0,-0.56,7,,,,,78.7,57.9,77.0,,56.0,,,66.4,,2,1,38,40.6,16.7,57.1,6.3,2,2,0,3,0,1,2.6,150,5.4,2,21,27.9,63.3,63.5,56.5,76.3,76,91,10.4,2.84,2,7,7.3,58.2,53,43,8.6,109,77.3,5,-0.06,29,,,,,24.7,64.8,81.0,,66.3,,,52.4,,2,2,114,41.3,18.6,83.6,7.3,8,10,0,11,3,6,5.3,681,7.5,77.6,76,80,9.4,2.4,3,7,8.0,68.8,55,0,6.8,86,61.0,4,0.13,30,,,,,27.0,79.2,80.3,,78.6,,,58.5,,0,2,93,57.0,,93.5,1.2,1,5,0,1,2,4,4.3,695,8.7,4,68.2,22,39,10.8,3.31,0,1,2.3,35.9,14,55,6.7,55,39.0,1,-0.65,6,,,,,36.9,35.8,78.6,,35.7,,,56.5,,4,1,59,16.4,16.4,44.4,16.4,9,7,0,13,1,3,5.1,136,3.5
Jake Browning,46401,QB,CIN,5,138,55.9,34,36,9.7,2.71,1,3,7.7,52.8,19,22,0.0,40,29.0,0,-0.76,10,,,,,79.5,56.3,77.4,,54.9,,,63.9,,0,3,43,32.5,13.6,54.1,7.5,3,1,0,1,2,3,7.0,209,5.8,1,7,67.2,51.9,51.5,62.2,75.9,83,89,7.3,2.84,1,2,2.1,69.7,62,34,1.6,98,71.0,1,-0.23,25,,,,,57.1,51.4,80.8,,51.7,,,59.2,,0,5,107,38.8,17.6,78.0,6.1,6,3,0,5,4,6,5.6,562,6.3,73.8,80,81,7.7,2.25,1,3,3.4,71.6,58,0,1.7,82,59.4,1,-0.05,26,,,,,84.0,54.8,80.1,,55.6,,,56.8,,0,4,88,46.3,,87.3,0.0,0,1,0,0,4,4,4.5,576,7.1,3,62.2,37,44,8.6,3.6,1,2,4.2,52.3,23,56,0.0,56,40.6,0,-0.87,9,,,,,39.9,50.9,78.8,,48.8,,,69.2,,0,4,62,23.2,16.1,41.4,16.1,9,3,0,6,2,5,8.1,195,4.4
Quinn Ewers,127253,QB,MIA,4,98,75.0,20,21,7.7,2.54,0,1,4.5,71.4,15,10,0.0,28,28.6,0,0.18,11,,,,,77.0,64.9,76.0,,62.8,,,63.3,,0,0,29,46.4,40.0,135.0,14.3,4,1,0,1,2,0,0.0,210,10.0,0,17,29.5,39.7,40.5,55.1,68.3,60,62,9.2,2.58,1,1,1.6,64.5,40,21,2.4,70,71.4,1,-0.13,19,,,,,45.0,33.5,79.3,,33.7,,,66.4,,0,3,72,40.0,19.0,68.8,5.7,4,2,0,1,1,5,6.9,412,6.6,76.3,59,61,7.5,2.36,1,1,1.6,72.1,44,0,2.2,67,68.4,1,0.19,25,,,,,43.6,48.1,79.2,,46.0,,,74.0,,0,3,69,47.8,,89.9,0.0,0,2,0,1,3,4,5.8,466,7.6,2,52.4,21,22,12.3,3.03,0,1,4.3,50.0,11,31,0.0,31,31.6,0,-0.54,5,,,,,77.6,37.7,76.4,,39.6,,,58.3,,0,0,32,29.0,25.8,73.3,25.8,8,1,0,1,0,1,3.1,156,7.1
Philip Rivers,1725,QB,IND,3,97,62.5,24,27,7.7,2.11,1,0,0.0,55.6,15,7,0.0,27,27.8,0,-0.01,11,,,,,77.4,47.5,76.1,,48.4,,,,,0,1,30,48.1,0.0,70.6,0.0,0,0,0,2,1,2,6.7,164,6.1,0,14,55.4,51.0,50.5,59.6,69.8,63,65,8.5,2.44,1,3,4.5,66.2,43,20,2.3,70,72.2,1,-0.25,19,,,,,44.1,53.8,79.3,,54.0,,,,,0,2,72,45.7,25.0,84.1,7.1,5,0,0,1,3,3,4.2,380,5.8,71.0,69,70,8.2,2.21,1,3,4.1,68.6,48,0,2.0,70,72.2,1,0.0,24,,,,,82.9,55.6,79.4,,55.7,,,,,0,3,74,52.9,,85.9,0.0,0,0,0,0,4,4,5.4,428,6.1,2,55.6,18,22,8.6,2.71,1,0,0.0,45.5,10,27,0.0,27,27.8,0,-0.66,6,,,,,25.5,42.7,75.9,,43.9,,,,,0,0,28,29.6,18.5,61.9,18.5,5,0,0,3,0,1,3.6,116,5.3
Max Brosmer,105568,QB,MIN,6,87,69.6,23,25,4.5,2.49,0,0,0.0,60.0,15,15,6.3,30,34.5,1,-0.78,5,,,,,77.7,37.5,76.4,,38.9,,,,,1,1,32,26.7,33.3,49.8,16.7,5,0,0,1,0,1,3.1,86,3.4,0,18,27.7,28.0,27.4,62.3,77.3,44,46,4.2,2.84,0,2,4.1,69.6,32,19,5.9,57,65.5,2,-0.61,14,,,,,23.4,26.8,78.7,,27.3,,,61.2,,1,3,61,36.8,47.4,54.8,15.8,9,2,0,1,0,5,8.2,242,5.3,74.5,51,51,4.8,2.38,0,2,3.8,68.6,35,0,7.9,53,60.9,3,-0.27,12,,,,,34.2,38.6,78.3,,40.3,,,58.3,,0,3,55,35.8,,55.7,1.9,1,1,0,0,0,4,7.3,256,5.0,0,75.0,16,20,2.8,3.24,0,0,0.0,60.0,12,34,0.0,34,39.1,0,-1.28,7,,,,,25.9,23.4,77.0,,23.8,,,62.6,,2,1,38,29.4,38.2,46.3,38.2,13,1,0,2,0,2,5.3,72,3.6
Tyler Huntley,46448,QB,BLT,4,82,91.3,23,24,6.6,2.43,1,0,0.0,87.5,21,13,0.0,31,37.8,0,0.42,13,,,,,78.1,73.9,76.6,,67.7,,,77.7,,0,0,34,61.3,30.8,107.6,12.9,4,3,0,0,1,1,2.9,156,6.5,0,3,85.6,79.1,68.8,86.5,80.5,41,43,6.0,2.92,0,1,2.3,72.1,31,24,6.1,51,62.2,2,-0.15,11,,,,,80.5,72.9,78.0,,67.0,,,79.4,,0,0,51,41.2,16.7,96.1,7.8,4,4,1,1,1,0,0.0,270,6.3,90.2,41,43,5.3,2.16,1,0,0.0,83.7,36,0,2.7,45,54.9,1,0.25,16,,,,,79.9,77.0,77.7,,73.1,,,71.7,,0,0,46,57.8,,101.7,0.0,0,2,1,0,1,1,2.2,282,6.6,1,73.9,23,24,7.7,3.42,0,1,3.8,66.7,16,37,5.9,37,45.1,1,-0.17,8,,,,,78.9,69.1,77.1,,60.0,,,83.3,,0,0,39,37.8,21.6,96.5,21.6,8,5,0,1,1,0,0.0,144,6.0
Riley Leonard,143862,QB,IND,5,73,57.1,14,15,14.7,2.58,1,4,21.1,53.3,8,6,0.0,15,20.5,0,0.06,6,,,,,74.8,90.6,74.5,,88.9,,,,,0,2,19,40.0,0.0,69.2,0.0,0,0,0,0,1,0,0.0,144,9.6,0,14,49.0,65.5,61.8,74.0,70.8,48,52,7.6,2.77,0,2,3.7,59.6,31,22,8.8,58,79.5,3,-0.24,15,,,,,36.9,50.2,78.6,,47.0,,,75.6,,1,1,60,32.8,9.1,71.9,3.4,2,3,0,3,1,6,10.0,271,5.2,71.4,42,43,7.3,2.29,0,3,6.8,62.8,27,0,10.0,45,61.6,3,-0.34,13,,,,,79.8,72.2,77.7,,70.2,,,63.3,,0,1,46,31.1,,69.6,0.0,0,1,0,1,1,1,2.2,177,4.1,0,60.0,20,24,13.3,3.43,1,3,10.3,50.0,12,28,0.0,28,38.4,0,0.07,8,,,,,26.7,54.2,76.5,,50.9,,,71.7,,1,2,33,39.3,7.1,64.2,7.1,2,2,0,2,1,5,15.2,238,9.9
Jameis Winston,9434,QB,NYG,3,70,61.9,21,22,7.9,2.61,0,1,3.8,59.1,13,13,0.0,23,32.9,0,0.25,8,,,,64.7,76.9,77.2,75.9,,64.4,99.3,,,,1,1,27,47.8,7.7,86.6,4.3,1,0,0,0,1,0,0.0,206,9.4,0,21,83.8,74.0,66.3,72.2,66.7,39,44,11.4,3.04,1,4,8.7,54.5,24,13,7.7,47,67.1,2,0.39,18,,,,,80.1,67.5,77.9,,65.8,,,63.1,,0,1,49,44.7,15.4,79.8,4.3,2,1,0,4,1,5,10.2,361,8.2,64.3,42,43,9.5,2.54,0,2,4.3,58.1,25,0,7.4,44,62.9,2,0.47,18,,,,,80.0,62.3,77.7,,61.0,,,63.1,,0,1,47,50.0,,82.8,0.0,0,1,0,1,1,3,6.4,353,8.2,1,66.7,18,23,11.7,3.51,1,3,11.5,52.2,12,26,0.0,26,37.1,0,0.14,8,,,,64.7,77.1,84.9,76.1,,71.8,99.3,,,,1,1,29,38.5,11.5,80.7,11.5,3,0,0,3,1,2,6.9,214,9.3
Trey Lance,91399,QB,LAC,4,70,42.9,14,17,10.5,3.14,0,0,0.0,35.3,6,14,0.0,23,32.9,0,-0.34,4,,,,,75.9,35.8,75.2,,28.2,,,78.5,,2,0,23,17.4,14.3,44.0,8.7,2,4,0,1,0,1,4.3,51,3.0,0,27,50.7,36.0,31.3,66.5,67.6,34,40,9.5,2.6,0,1,2.4,52.5,21,12,8.7,47,67.1,2,-0.64,9,,,,,30.9,41.2,77.9,,42.3,,,56.8,,1,1,49,36.2,33.3,53.6,8.5,4,3,4,1,0,3,6.1,175,4.4,64.9,37,41,9.6,2.19,0,0,0.0,56.1,23,0,4.2,44,62.9,1,-0.16,9,,,,,79.9,44.9,77.7,,45.9,,,56.8,,0,0,46,36.4,,66.6,0.0,0,3,4,0,0,2,4.3,175,4.3,1,45.5,11,16,10.3,3.76,0,1,6.3,25.0,4,26,20.0,26,37.1,1,-1.19,4,,,,,25.2,29.9,75.6,,26.0,,,78.5,,3,1,26,19.2,23.1,14.3,23.1,6,4,0,2,0,2,7.7,51,3.2
Chris Oladokun,40364,QB,KC,3,67,80.0,10,13,1.0,2.94,2,0,0.0,46.2,6,8,25.0,16,23.9,2,-0.64,1,,,,,74.2,62.6,74.1,,63.8,,,58.3,,0,0,17,18.8,25.0,53.0,12.5,2,1,0,1,0,0,0.0,22,1.7,0,16,18.6,41.4,45.4,39.5,78.9,38,42,6.0,3.17,1,0,0.0,69.0,29,18,3.3,51,76.1,1,-0.45,9,,,,,19.3,41.2,78.3,,40.9,,,60.8,,1,0,54,33.3,33.3,88.7,11.8,6,3,1,1,1,5,9.3,213,5.1,91.4,35,38,2.3,2.4,2,0,0.0,76.3,29,0,9.4,41,61.2,3,-0.19,6,,,,,79.3,66.5,77.3,,68.7,,,52.2,,0,0,42,36.6,,92.3,0.0,0,3,1,0,1,0,0.0,163,4.3,1,46.2,13,17,12.2,4.26,1,0,0.0,35.3,6,26,0.0,26,38.8,0,-0.97,4,,,,,14.5,28.1,76.0,,27.6,,,66.4,,1,0,29,19.2,30.8,49.1,30.8,8,1,0,2,0,5,17.2,72,4.2
Josh Johnson,4474,QB,WAS,3,64,50.0,12,13,12.3,3.3,0,0,0.0,46.2,6,8,0.0,17,26.6,0,0.56,8,,,,,74.8,69.8,74.5,,66.9,,,66.6,,0,0,19,47.1,0.0,93.4,0.0,0,4,0,1,1,0,0.0,85,6.5,0,32,26.6,52.9,55.4,47.3,77.8,36,41,4.6,2.76,0,0,0.0,68.3,28,14,0.0,47,73.4,0,-0.12,17,,,,,80.8,55.5,78.2,,50.4,,,78.3,,1,2,53,53.2,14.3,67.8,4.3,2,4,2,2,0,2,3.8,287,7.0,82.9,35,37,5.5,2.46,0,0,0.0,78.4,29,0,0.0,42,65.6,0,0.4,22,,,,,80.1,81.6,77.8,,75.4,,,79.8,,0,0,48,64.3,,109.9,0.0,0,5,2,0,1,0,0.0,304,8.2,0,38.5,13,17,9.3,3.76,0,0,0.0,29.4,5,22,0.0,22,34.4,0,-0.57,3,,,,,76.1,28.7,75.3,,28.0,,,63.5,,1,2,24,27.3,9.1,4.2,9.1,2,3,0,3,0,2,8.3,68,4.0
Mason Rudolph,46569,QB,PIT,5,57,66.7,12,14,5.1,2.31,1,0,0.0,57.1,8,1,0.0,14,24.6,0,0.09,4,,,,,73.5,50.8,73.7,,51.4,,,,,0,0,15,50.0,0.0,96.1,0.0,0,0,0,1,1,0,0.0,76,5.4,0,25,42.8,52.8,50.5,69.1,86.1,36,39,5.0,2.81,1,0,0.0,79.5,31,9,0.0,43,75.4,0,0.02,14,,,,,29.4,52.4,77.7,,52.5,,,59.9,,0,2,46,51.2,22.2,79.1,4.7,2,1,0,2,1,4,8.7,236,6.1,81.4,43,46,4.5,2.32,2,0,0.0,76.1,35,0,0.0,47,82.5,0,0.14,16,,,,,80.4,54.5,78.0,,54.7,,,,,0,2,50,53.2,,85.4,0.0,0,0,0,1,2,3,6.0,260,5.7,1,80.0,5,7,9.0,4.39,0,0,0.0,57.1,4,10,0.0,10,17.5,0,-0.44,2,,,,,19.2,43.9,72.6,,42.6,,,59.9,,0,0,11,40.0,20.0,80.7,20.0,2,1,0,2,0,1,9.1,52,7.4
Kenny Pickett,60515,QB,LV,6,56,100.0,5,5,1.6,2.41,0,0,0.0,80.0,4,1,20.0,7,12.5,1,-0.28,1,,,,,70.3,78.0,71.5,,71.5,,,68.7,,0,0,8,28.6,100.0,81.7,14.3,1,1,0,0,0,0,0.0,18,3.6,0,23,39.2,48.4,47.3,60.4,73.0,37,40,6.7,2.92,1,1,2.4,60.0,24,21,11.1,49,87.5,3,-0.57,10,,,,,80.4,45.6,78.0,,43.4,,,69.8,,1,2,50,26.5,33.3,57.3,14.3,7,2,1,0,1,3,6.0,170,4.3,75.0,32,33,4.7,2.34,0,0,0.0,66.7,22,0,8.3,34,60.7,2,-0.53,6,,,,,78.4,42.2,76.8,,39.7,,,68.7,,0,2,36,29.4,,46.5,0.0,0,1,1,0,0,3,8.3,112,3.4,0,80.0,10,12,10.6,3.64,1,1,8.3,50.0,6,22,25.0,22,39.3,2,-0.53,5,,,,,75.6,69.3,75.0,,64.5,,,69.8,,1,0,22,22.7,36.4,97.9,36.4,8,2,0,0,1,0,0.0,76,6.3
Cooper Rush,12324,QB,BLT,3,53,66.7,9,10,10.4,2.47,0,1,10.0,60.0,6,6,0.0,10,18.9,0,-0.23,4,,,,,71.9,82.1,72.6,,80.1,,,,,1,0,11,40.0,0.0,93.3,0.0,0,0,0,0,0,0,0.0,99,9.9,0,3,81.7,59.3,59.8,52.9,75.0,40,42,5.7,2.59,0,0,0.0,66.7,28,12,6.7,43,81.1,2,-0.55,9,,,,,79.9,49.5,77.7,,51.4,,,55.7,,1,4,46,39.5,8.3,38.3,2.3,1,0,0,1,0,3,6.5,204,4.9,79.4,34,35,6.0,2.32,0,1,2.8,74.3,26,0,3.7,35,66.0,1,-0.59,8,,,,,78.6,61.0,76.9,,62.5,,,55.7,,0,3,37,40.0,,54.1,0.0,0,0,0,1,0,2,5.4,217,6.2,0,60.0,15,17,7.7,3.04,0,0,0.0,47.1,8,18,11.1,18,34.0,1,-0.29,5,,,,,75.1,55.8,74.7,,56.0,,,,,2,1,20,38.9,5.6,37.9,5.6,1,0,0,0,0,1,5.0,86,5.1
Tanner McKee,131770,QB,PHI,2,49,75.0,16,17,7.0,2.64,0,0,0.0,64.7,11,6,8.3,18,36.7,1,-0.02,7,,,,,74.8,73.5,74.5,,72.3,,,,,0,0,19,55.6,16.7,81.0,5.6,1,0,0,1,0,0,0.0,102,6.0,0,24,81.2,61.2,60.7,58.8,70.0,20,26,11.9,3.11,0,0,0.0,50.0,13,14,7.1,31,63.3,1,-0.27,10,,,,,77.6,50.8,76.3,,51.6,,,57.4,,1,1,31,45.2,14.3,68.1,6.5,2,3,0,5,1,1,3.2,172,6.6,78.6,28,28,8.4,2.32,0,0,0.0,78.6,22,0,0.0,29,59.2,0,0.35,15,,,,,77.2,73.3,76.0,,70.6,,,63.9,,0,1,29,75.9,,98.1,0.0,0,1,0,0,1,1,3.4,231,8.3,0,50.0,8,15,14.3,3.83,0,0,0.0,13.3,2,20,50.0,20,40.8,2,-0.94,2,,,,,75.4,40.2,74.9,,44.0,,,51.5,,1,0,21,10.0,15.0,39.6,15.0,3,2,0,6,0,0,0.0,43,2.9
Andy Dalton,6187,QB,CAR,3,48,78.6,14,16,10.4,2.13,0,0,0.0,68.8,11,5,0.0,19,39.6,0,0.12,7,,,,,75.1,77.1,74.7,,75.7,,,,,0,0,20,57.9,20.0,98.7,5.3,1,0,0,2,0,0,0.0,151,9.4,0,5,23.8,55.0,59.6,35.1,66.7,21,21,8.9,2.79,0,1,4.8,66.7,14,13,0.0,29,60.4,0,-0.45,10,,,,,19.1,38.8,76.1,,48.0,,,43.2,,0,1,30,44.8,53.8,81.8,24.1,7,1,0,0,1,4,13.3,142,6.8,74.1,27,27,8.5,2.03,0,0,0.0,74.1,20,0,0.0,30,62.5,0,0.22,12,,,,,26.0,57.6,76.1,,65.6,,,43.2,,0,1,30,63.3,,93.3,0.0,0,1,0,0,1,2,6.7,211,7.8,0,62.5,8,10,12.8,3.36,0,1,9.1,50.0,5,18,0.0,18,37.5,0,-0.96,5,,,,,23.3,50.4,74.7,,51.0,,,,,0,0,20,27.8,44.4,77.9,44.4,8,0,0,2,0,2,10.0,82,8.2
Malik Willis,60341,QB,GB,4,47,91.7,12,12,8.4,2.67,0,0,0.0,83.3,10,4,9.1,13,27.7,1,1.06,9,,,,,73.5,86.8,73.7,,81.0,,,71.4,,0,0,15,84.6,0.0,131.9,0.0,0,1,0,0,1,0,0.0,108,9.0,0,12,42.0,92.3,90.8,80.3,95.5,22,23,10.5,3.57,0,3,13.0,87.0,20,19,4.8,34,72.3,1,0.54,14,,,,,78.1,92.3,76.6,,89.9,,,80.0,,1,0,34,64.7,15.8,147.7,8.8,3,8,0,0,2,0,0.0,314,13.7,90.9,22,22,7.7,2.65,0,2,9.1,81.8,18,0,10.0,24,51.1,2,0.49,10,,,,,76.1,87.6,75.3,,85.3,,,64.1,,0,0,24,62.5,,120.3,0.0,0,2,0,0,1,0,0.0,203,9.2,0,100.0,12,13,13.4,4.02,0,1,7.1,92.3,12,23,0.0,23,48.9,0,0.89,13,,,,,76.3,92.5,75.5,,87.1,,,84.5,,1,0,25,78.3,13.0,158.3,13.0,3,7,0,0,2,0,0.0,219,16.8
Jarrett Stidham,13725,QB,DEN,1,37,50.0,12,12,8.0,2.43,0,0,0.0,41.7,5,6,16.7,14,37.8,1,-0.96,3,,,,,18.8,25.9,73.5,,27.5,,,55.7,,0,1,14,35.7,16.7,42.4,7.1,1,1,0,0,1,2,14.3,28,2.3,0,10,26.2,45.9,46.7,53.6,93.3,15,19,5.3,3.58,0,1,5.3,63.2,12,13,14.3,23,62.2,2,-0.36,5,,,,,75.9,71.5,75.2,,74.3,,,54.2,,1,0,23,26.1,15.4,77.7,8.7,2,2,0,3,0,0,0.0,105,5.5,76.5,17,17,2.5,2.26,0,0,0.0,76.5,13,0,0.0,18,48.6,0,-0.01,6,,,,,74.5,62.8,74.3,,64.1,,,57.9,,0,0,18,44.4,,103.3,0.0,0,1,0,0,1,0,0.0,73,4.3,0,70.0,10,14,13.4,3.98,0,1,7.1,28.6,4,19,42.9,19,51.4,3,-1.14,2,,,,,20.9,30.5,74.5,,34.5,,,51.1,,1,1,19,15.8,15.8,15.2,15.8,3,2,0,3,0,2,10.5,60,4.3
Mitch Trubisky,11757,QB,BUF,4,37,75.0,8,8,11.1,3.29,0,1,12.5,75.0,6,3,0.0,9,24.3,0,0.84,6,,,,,70.9,80.5,71.9,,81.6,,,57.9,,0,0,9,66.7,0.0,147.4,0.0,0,1,0,0,1,0,0.0,83,10.4,0,4,80.3,79.9,77.7,66.6,80.8,26,27,6.7,2.65,0,1,3.4,70.4,19,0,9.5,28,75.7,2,0.7,13,,,,,77.4,74.7,76.1,,70.9,,,65.6,,0,0,30,60.7,,133.3,0.0,0,1,0,1,3,1,3.3,230,8.5,81.3,32,33,7.3,2.66,0,1,2.9,72.7,24,0,7.7,34,91.9,2,0.82,18,,,,,78.3,81.3,76.7,,77.3,,,65.6,,0,0,35,64.7,,139.0,0.0,0,1,0,1,4,1,2.9,291,8.8,0,50.0,2,2,14.5,4.43,0,1,33.3,50.0,1,3,0.0,3,8.1,0,-0.27,1,,,,,66.9,63.7,69.2,,66.8,,,57.9,,0,0,4,33.3,0.0,89.6,0.0,0,1,0,0,0,0,0.0,22,11.0
Brandon Allen,10835,QB,TEN,1,31,42.9,7,8,4.6,2.15,1,0,0.0,37.5,3,4,0.0,8,25.8,0,-1.08,1,,,,,70.9,49.6,71.9,,50.4,,,,,0,0,9,12.5,0.0,45.8,0.0,0,0,0,0,0,0,0.0,10,1.3,0,31,77.7,36.4,37.1,,71.4,21,22,3.0,2.69,0,1,4.5,63.6,14,9,6.7,23,74.2,1,-0.82,2,,,,,75.9,34.5,75.2,,36.3,,,,,1,1,23,17.4,11.1,48.7,4.3,1,0,0,0,0,3,13.0,62,2.8,83.3,18,18,0.8,2.09,0,0,0.0,77.8,14,0,6.7,18,58.1,1,-0.38,2,,,,,74.5,67.6,74.3,,66.9,,,,,0,0,18,22.2,,79.2,0.0,0,0,0,0,0,0,0.0,45,2.5,0,30.0,10,12,8.1,3.18,1,1,7.7,25.0,3,13,0.0,13,41.9,0,-1.59,1,,,,,73.2,24.3,73.5,,25.5,,,,,1,1,14,7.7,7.7,4.9,7.7,1,0,0,0,0,3,21.4,27,2.3
Joe Milton III,82151,QB,DAL,4,27,75.0,8,9,5.9,2.82,1,0,0.0,66.7,6,3,0.0,10,37.0,0,-0.2,2,,,,,71.9,52.8,72.6,,56.5,,,55.9,,0,0,11,40.0,0.0,77.5,0.0,0,1,0,0,0,0,0.0,43,4.8,0,9,26.6,52.7,52.7,57.4,69.2,13,15,12.8,2.99,0,1,5.9,60.0,9,6,0.0,17,63.0,0,-0.33,7,,,,,22.7,45.3,74.5,,52.6,,,42.5,,0,2,19,52.9,0.0,73.6,0.0,0,2,0,2,1,2,10.5,140,9.3,68.8,16,17,11.3,2.47,1,1,5.9,64.7,11,0,0.0,18,66.7,0,0.17,7,,,,,74.5,58.3,74.3,,60.6,,,55.9,,0,1,18,50.0,,87.9,0.0,0,1,0,0,1,0,0.0,150,8.8,0,80.0,5,7,6.6,3.84,0,0,0.0,57.1,4,9,0.0,9,33.3,0,-1.19,2,,,,,19.8,34.8,72.9,,44.7,,,42.5,,0,1,12,44.4,0.0,29.8,0.0,0,2,0,2,0,2,16.7,33,4.7
Aidan O'Connell,60516,QB,LV,1,24,66.7,6,8,7.8,2.49,0,1,12.5,37.5,3,3,25.0,8,33.3,1,-0.06,3,,,,,70.3,88.0,71.5,,85.5,,,,,0,0,8,37.5,0.0,59.4,0.0,0,0,0,2,0,0,0.0,50,6.3,0,23,76.3,65.7,66.9,55.7,53.8,13,14,10.0,2.63,0,0,0.0,50.0,7,5,0.0,16,66.7,0,-0.58,2,,,,,74.2,49.0,74.1,,52.2,,,55.7,,1,0,17,31.3,20.0,59.2,6.3,1,1,0,0,0,0,0.0,52,3.7,60.0,15,16,5.9,2.31,0,0,0.0,50.0,8,0,11.1,16,66.7,1,-0.54,3,,,,,74.2,64.5,74.1,,64.0,,,,,0,0,17,31.3,,61.5,0.0,0,0,0,1,0,0,0.0,68,4.3,0,50.0,4,6,22.0,3.11,0,1,16.7,33.3,2,8,0.0,8,33.3,0,-0.16,2,,,,,70.3,63.5,71.5,,68.1,,,55.7,,1,0,8,37.5,12.5,53.5,12.5,1,1,0,1,0,0,0.0,34,5.7
Clayton Tune,77652,QB,GB,2,22,57.1,7,8,4.6,2.98,1,0,0.0,37.5,3,6,25.0,12,54.5,1,-0.57,2,,,,,72.8,36.0,73.2,,29.9,,,66.4,,0,0,13,25.0,33.3,45.8,16.7,2,2,0,0,0,1,7.7,19,2.4,0,12,76.6,37.7,29.5,65.1,83.3,6,7,2.5,3.11,0,0,0.0,57.1,4,5,20.0,10,45.5,1,-1.22,1,,,,,70.9,42.0,72.3,,43.1,,,,,0,1,10,40.0,60.0,23.8,30.0,3,0,0,1,0,0,0.0,23,3.3,75.0,8,10,2.5,2.85,1,0,0.0,50.0,5,0,16.7,11,50.0,1,-0.58,2,,,,,71.9,64.4,72.6,,57.3,,,65.6,,0,1,11,54.5,,17.1,0.0,0,1,0,1,0,0,0.0,31,3.1,0,60.0,5,5,5.4,3.24,0,0,0.0,40.0,2,11,33.3,11,50.0,1,-1.16,1,,,,,71.9,24.4,72.9,,25.1,,,58.3,,0,0,12,9.1,45.5,47.9,45.5,5,1,0,0,0,1,8.3,11,2.2
Shane Buechele,12659,QB,KC,1,20,100.0,1,2,-3.0,2.55,0,0,0.0,50.0,1,3,0.0,4,20.0,0,-0.61,1,,,,,66.9,46.0,69.2,,47.1,,,,,0,0,4,25.0,66.7,64.6,50.0,2,0,0,1,0,0,0.0,10,5.0,0,16,75.1,51.2,54.2,55.3,60.0,10,12,12.9,3.21,2,1,8.3,50.0,6,7,0.0,16,80.0,0,-0.24,3,,,,,73.9,55.3,73.9,,59.1,,,55.3,,0,0,16,18.8,42.9,70.8,18.8,3,1,0,0,0,1,6.3,78,6.5,62.5,8,10,6.3,2.25,2,0,0.0,50.0,5,0,0.0,10,50.0,0,-0.37,2,,,,,71.4,51.6,72.3,,52.1,,,,,0,0,10,20.0,,56.3,0.0,0,0,0,0,0,0,0.0,24,2.4,0,66.7,3,4,25.3,3.91,0,1,25.0,50.0,2,10,0.0,10,50.0,0,-0.26,2,,,,,71.4,53.8,72.3,,59.0,,,55.3,,0,0,10,20.0,50.0,95.8,50.0,5,1,0,1,0,1,10.0,64,16.0
Teddy Bridgewater,8667,QB,TB,1,18,100.0,3,3,0.3,1.8,0,0,0.0,100.0,3,0,0.0,3,16.7,0,0.59,1,,,,,66.9,60.5,69.2,,60.4,,,,,0,0,4,33.3,,91.7,0.0,0,0,0,0,0,0,0.0,18,6.0,0,30,75.8,43.8,44.0,57.5,45.5,11,12,8.0,2.72,0,0,0.0,41.7,5,7,0.0,15,83.3,0,-0.99,1,,,,,73.9,39.7,73.9,,41.8,,,57.9,,0,0,16,6.7,28.6,52.1,13.3,2,1,0,1,0,0,0.0,44,3.7,63.6,11,11,4.6,1.72,0,0,0.0,63.6,7,0,0.0,11,61.1,0,-0.37,1,,,,,71.9,54.0,72.6,,54.3,,,,,0,0,11,9.1,,67.6,0.0,0,0,0,0,0,0,0.0,30,2.7,0,33.3,3,4,12.7,3.9,0,0,0.0,25.0,1,7,0.0,7,38.9,0,-1.29,1,,,,,70.9,36.8,71.9,,39.1,,,57.9,,0,0,9,14.3,28.6,60.4,28.6,2,1,0,1,0,0,0.0,32,8.0
Gardner Minshew,41401,QB,KC,2,14,66.7,3,4,5.0,2.45,0,0,0.0,50.0,2,1,0.0,4,28.6,0,-0.42,1,,,,,66.9,55.9,69.2,,56.2,,,,,0,0,4,25.0,0.0,56.3,0.0,0,0,0,1,0,0,0.0,11,2.8,0,16,75.7,33.4,33.6,58.3,66.7,6,9,4.2,2.89,2,0,0.0,44.4,4,2,0.0,10,71.4,0,-0.59,1,,,,,71.9,28.7,72.6,,29.5,,,57.9,,0,1,11,30.0,0.0,12.0,0.0,0,1,0,1,0,1,9.1,26,2.9,66.7,9,10,4.4,2.35,1,0,0.0,60.0,6,0,0.0,11,78.6,0,-0.48,2,,,,,72.4,32.0,72.9,,34.3,,,57.9,,0,1,12,36.4,,27.9,0.0,0,1,0,0,0,1,8.3,37,3.7,1,,0,3,,4.3,1,0,0.0,0.0,0,3,,3,21.4,0,-0.75,0,,,,,65.5,52.5,68.2,,53.2,,,,,0,0,3,0.0,0.0,39.6,0.0,0,0,0,2,0,0,0.0,0,0.0
Zach Wilson,82096,QB,MIA,3,12,100.0,3,5,-1.0,2.22,0,0,0.0,60.0,3,2,0.0,5,41.7,0,-1.18,0,,,,,68.0,58.8,69.9,,58.8,,,,,1,0,5,20.0,0.0,64.6,0.0,0,0,0,1,0,0,0.0,5,1.0,0,17,73.5,49.1,49.1,57.9,60.0,5,6,9.6,2.43,1,0,0.0,50.0,3,2,0.0,7,58.3,0,0.28,3,,,,,69.6,45.1,71.1,,47.3,,,58.3,,0,0,7,42.9,0.0,62.5,0.0,0,1,0,0,0,0,0.0,27,4.5,100.0,6,7,1.5,2.2,1,0,0.0,85.7,6,0,0.0,8,66.7,0,-0.07,3,,,,,70.3,62.7,71.5,,65.0,,,58.3,,0,0,8,50.0,,85.7,0.0,0,1,0,0,0,0,0.0,32,4.6,0,0.0,2,4,18.0,2.63,0,0,0.0,0.0,0,4,,4,33.3,0,-0.85,0,,,,,66.9,33.6,69.2,,35.9,,,,,1,0,4,0.0,0.0,39.6,0.0,0,0,0,1,0,0,0.0,0,0.0
Joshua Dobbs,11890,QB,NE,4,11,66.7,6,6,11.5,3.54,0,0,0.0,66.7,4,2,0.0,7,63.6,0,-0.31,2,,,,,70.3,45.8,71.5,,51.1,,,55.3,,0,0,8,28.6,0.0,81.9,0.0,0,1,0,0,0,0,0.0,35,5.8,0,19,76.3,64.0,66.5,56.1,75.0,4,4,9.8,2.73,0,1,25.0,75.0,3,0,0.0,4,36.4,0,-0.15,1,,,,,66.9,87.8,69.2,,85.4,,,,,0,0,4,25.0,,95.8,0.0,0,0,0,0,0,0,0.0,30,7.5,66.7,9,9,10.7,2.64,0,1,11.1,66.7,6,0,0.0,9,81.8,0,-0.22,2,,,,,70.9,67.2,71.9,,66.5,,,,,0,0,9,22.2,,82.2,0.0,0,0,0,0,0,0,0.0,53,5.9,0,100.0,1,1,12.0,5.95,0,0,0.0,100.0,1,2,0.0,2,18.2,0,-0.38,1,,,,,65.5,54.0,68.2,,62.1,,,55.3,,0,0,3,50.0,0.0,116.7,0.0,0,1,0,0,0,0,0.0,12,12.0
Taysom Hill,12112,TE,NO,5,6,100.0,1,4,19.0,2.78,1,0,0.0,25.0,1,1,0.0,4,66.7,0,-1.49,1,,,,29.3,70.1,54.0,79.0,,64.6,52.0,,,,0,0,4,25.0,0.0,46.9,0.0,0,0,0,2,0,0,0.0,19,4.8,0,20,30.0,53.4,70.7,54.5,50.0,2,2,16.5,1.95,0,0,0.0,50.0,1,0,0.0,2,33.3,0,1.55,1,,,,52.5,70.7,56.6,81.5,,69.5,52.6,,,,0,0,2,50.0,,135.4,0.0,0,0,0,0,1,0,0.0,38,19.0,66.7,3,5,17.3,2.42,1,0,0.0,40.0,2,0,0.0,5,83.3,0,-0.47,2,,,,29.6,72.8,57.4,80.7,,73.0,51.5,,,,0,0,5,40.0,,122.5,0.0,0,0,0,1,1,0,0.0,57,11.4,2,,0,1,,2.9,0,0,0.0,0.0,0,1,,1,16.7,0,-0.52,0,,,,68.3,65.7,52.0,80.2,,60.0,53.5,,,,0,0,1,0.0,0.0,39.6,0.0,0,0,0,1,0,0,0.0,0,0.0
Tyson Bagent,169628,QB,CHI,2,5,,0,0,,,0,0,,,0,0,,0,0.0,0,0.0,0,,,,,,,,,,,,,,0,0,0,,,0.0,,0,0,0,0,0,0,,0,,0,6,68.0,60.3,62.3,58.3,75.0,4,4,7.8,3.4,0,0,0.0,75.0,3,1,0.0,5,100.0,0,0.6,2,,,,,68.0,59.7,70.0,,62.3,,,58.3,,0,0,5,60.0,0.0,113.5,0.0,0,1,0,0,0,0,0.0,47,11.8,66.7,3,3,12.0,3.33,0,0,0.0,66.7,2,0,0.0,4,80.0,0,0.58,1,,,,,66.9,58.8,69.2,,61.7,,,58.3,,0,0,4,50.0,,95.1,0.0,0,1,0,0,0,0,0.0,27,9.0,0,100.0,1,1,-5.0,3.7,0,0,0.0,100.0,1,1,0.0,1,20.0,0,0.71,1,,,,,60.4,62.4,64.9,,60.1,,,,,0,0,1,100.0,0.0,118.8,0.0,0,0,0,0,0,0,0.0,20,20.0
David Montgomery,45719,HB,DET,4,4,50.0,2,2,7.5,3.27,0,0,0.0,50.0,1,2,0.0,3,75.0,0,-0.69,1,,,,73.4,70.7,61.8,78.6,,64.4,67.4,,,,0,0,4,33.3,50.0,95.8,33.3,1,0,0,0,1,0,0.0,3,1.5,0,11,77.0,75.3,62.4,72.5,,0,0,,0.0,0,0,,,0,0,,1,25.0,0,-1.77,0,,,,83.2,74.1,68.1,81.5,,60.0,78.2,,,,0,0,1,0.0,,0.0,0.0,0,0,0,0,0,0,0.0,0,,100.0,1,1,9.0,0.75,0,0,0.0,100.0,1,0,0.0,2,50.0,0,0.11,1,,,,83.2,74.7,71.3,81.6,,69.7,78.4,,,,0,0,3,50.0,,118.8,0.0,0,0,0,0,1,0,0.0,3,3.0,0,0.0,1,1,6.0,4.15,0,0,0.0,0.0,0,2,,2,50.0,0,-2.03,0,,,,73.4,69.5,56.4,78.3,,53.5,67.9,,,,0,0,2,0.0,50.0,39.6,50.0,1,0,0,0,0,0,0.0,0,0.0
Nick Mullens,12282,QB,JAX,2,3,100.0,1,1,-1.0,2.3,0,0,0.0,100.0,1,0,0.0,1,33.3,0,-1.01,0,,,,,60.4,60.5,64.6,,60.4,,,,,0,0,1,0.0,,79.2,0.0,0,0,0,0,0,0,0.0,3,3.0,0,15,75.1,70.6,71.2,62.8,100.0,2,2,2.0,1.4,0,0,0.0,100.0,2,0,0.0,2,66.7,0,1.28,2,,,,,63.6,72.4,66.9,,71.2,,,,,0,0,2,100.0,,100.0,0.0,0,0,0,0,0,0,0.0,16,8.0,100.0,3,3,1.0,1.7,0,0,0.0,100.0,3,0,0.0,3,100.0,0,0.51,2,,,,,65.5,72.3,68.2,,71.2,,,,,0,0,3,66.7,,93.1,0.0,0,0,0,0,0,0,0.0,19,6.3,0,,0,0,,,0,0,,,0,0,,0,0.0,0,0.0,0,,,,,,,,,,,,,,0,0,0,,,0.0,,0,0,0,0,0,0,,0,
Drew Lock,39517,QB,SEA,1,3,50.0,2,2,0.0,2.35,0,0,0.0,50.0,1,0,0.0,2,66.7,0,-0.91,0,,,,,63.6,39.5,66.9,,41.5,,,,,0,0,2,0.0,,56.3,0.0,0,0,0,0,0,1,50.0,4,2.0,0,29,14.2,27.9,43.5,29.4,100.0,1,1,4.0,3.3,0,0,0.0,100.0,1,1,0.0,1,33.3,0,0.92,1,,,,,60.4,60.3,64.6,,60.1,,,,,0,0,1,100.0,0.0,112.5,0.0,0,0,0,0,0,0,0.0,11,11.0,50.0,2,2,0.0,2.35,0,0,0.0,50.0,1,0,0.0,2,66.7,0,-0.91,0,,,,,63.6,39.5,66.9,,41.5,,,,,0,0,2,0.0,,56.3,0.0,0,0,0,0,0,1,50.0,4,2.0,0,100.0,1,1,4.0,3.3,0,0,0.0,100.0,1,1,0.0,1,33.3,0,0.92,1,,,,,60.4,60.3,64.6,,60.1,,,,,0,0,1,100.0,0.0,112.5,0.0,0,0,0,0,0,0,0.0,11,11.0
Anthony Richardson,124393,QB,IND,1,2,100.0,1,1,2.0,1.3,0,0,0.0,100.0,1,0,0.0,1,50.0,0,0.6,1,,,,,60.4,75.1,64.6,,73.3,,,,,0,0,1,100.0,,104.2,0.0,0,0,0,0,0,0,0.0,9,9.0,0,14,70.1,72.4,65.9,66.7,0.0,1,1,35.0,2.7,0,0,0.0,0.0,0,0,,1,50.0,0,-1.76,0,,,,,60.4,50.7,64.6,,51.7,,,,,0,0,1,0.0,,39.6,0.0,0,0,0,0,0,0,0.0,0,0.0,50.0,2,2,18.5,2.0,0,0,0.0,50.0,1,0,0.0,2,100.0,0,-0.58,1,,,,,63.6,66.6,66.9,,65.9,,,,,0,0,2,50.0,,62.5,0.0,0,0,0,0,0,0,0.0,9,4.5,0,,0,0,,,0,0,,,0,0,,0,0.0,0,0.0,0,,,,,,,,,,,,,,0,0,0,,,0.0,,0,0,0,0,0,0,,0,
Kedon Slovis,100580,QB,ARZ,2,2,,0,0,,,0,0,,,0,0,,0,0.0,0,0.0,0,,,,,,,,,,,,,,0,0,0,,,0.0,,0,0,0,0,0,0,,0,,0,1,63.6,58.8,58.7,,100.0,2,2,1.5,2.25,0,0,0.0,50.0,1,1,50.0,2,100.0,1,-1.26,0,,,,,63.6,58.6,66.9,,58.7,,,,,0,0,2,0.0,0.0,56.3,0.0,0,0,0,0,0,0,0.0,-2,-1.0,100.0,1,1,5.0,1.9,0,0,0.0,0.0,0,0,100.0,1,50.0,1,-0.96,0,,,,,60.4,57.7,64.6,,58.0,,,,,0,0,1,0.0,,39.6,0.0,0,0,0,0,0,0,0.0,0,0.0,0,100.0,1,1,-2.0,2.6,0,0,0.0,100.0,1,1,0.0,1,50.0,0,-1.56,0,,,,,60.4,60.5,64.6,,60.4,,,,,0,0,1,0.0,0.0,79.2,0.0,0,0,0,0,0,0,0.0,-2,-2.0
Kyle Allen,26152,QB,DET,1,2,0.0,1,1,1.0,2.2,0,0,0.0,0.0,0,0,,1,50.0,0,-0.46,0,,,,,60.4,60.3,64.6,,60.1,,,,,0,0,1,0.0,,39.6,0.0,0,0,0,0,0,0,0.0,0,0.0,0,11,69.1,73.7,73.0,60.5,100.0,1,1,11.0,2.3,0,0,0.0,0.0,0,0,100.0,1,50.0,1,-1.09,0,,,,,60.4,73.3,64.6,,71.9,,,,,0,0,1,0.0,,39.6,0.0,0,0,0,0,0,0,0.0,0,0.0,50.0,2,2,6.0,2.25,0,0,0.0,0.0,0,0,100.0,2,100.0,1,-0.78,0,,,,,63.6,74.4,66.9,,73.0,,,,,0,0,2,0.0,,39.6,0.0,0,0,0,0,0,0,0.0,0,0.0,0,,0,0,,,0,0,,,0,0,,0,0.0,0,0.0,0,,,,,,,,,,,,,,0,0,0,,,0.0,,0,0,0,0,0,0,,0,
Gunner Olszewski,95015,WR,NYG,2,2,100.0,1,1,15.0,5.3,0,0,0.0,100.0,1,1,0.0,1,50.0,0,3.26,1,,,,70.5,67.0,77.6,74.0,,68.8,72.3,,,,0,0,1,100.0,0.0,158.3,0.0,0,0,0,0,1,0,0.0,33,33.0,0,21,61.9,76.7,58.5,,0.0,1,1,12.0,3.4,0,0,0.0,0.0,0,0,,1,50.0,0,-0.54,0,,,,75.6,70.1,73.0,78.7,,49.6,76.6,,,,0,0,1,0.0,,39.6,0.0,0,0,0,0,0,0,0.0,0,0.0,0.0,1,1,12.0,3.4,0,0,0.0,0.0,0,0,,1,50.0,0,-0.54,0,,,,76.5,70.6,76.4,77.4,,49.6,80.1,,,,0,0,1,0.0,,39.6,0.0,0,0,0,0,0,0,0.0,0,0.0,1,100.0,1,1,15.0,5.3,0,0,0.0,100.0,1,1,0.0,1,50.0,0,3.26,1,,,,68.3,65.7,71.0,76.4,,68.8,66.5,,,,0,0,1,100.0,0.0,158.3,0.0,0,0,0,0,1,0,0.0,33,33.0
Cole Kmet,60995,TE,CHI,2,2,0.0,1,1,13.0,4.8,0,0,0.0,0.0,0,0,,1,50.0,0,-0.69,0,,,,81.1,73.3,68.1,82.9,,70.7,63.4,,,,0,0,1,0.0,,39.6,0.0,0,0,0,0,0,0,0.0,0,0.0,0,6,77.6,62.9,70.7,56.3,,0,0,,6.4,0,0,,,0,0,,1,50.0,0,-0.28,0,,,,58.3,74.7,59.1,85.5,,,59.5,,56.3,,0,0,1,0.0,,0.0,0.0,0,1,0,0,0,0,0.0,0,,0.0,1,1,13.0,5.6,0,0,0.0,0.0,0,0,,2,100.0,0,-0.49,0,,,,62.5,75.8,63.6,85.5,,70.7,60.5,,56.3,,0,0,2,0.0,,39.6,0.0,0,1,0,0,0,0,0.0,0,0.0,3,,0,0,,,0,0,,,0,0,,0,0.0,0,0.0,0,,,,78.7,71.5,60.5,82.8,,,62.0,,,,0,0,0,,,0.0,,0,0,0,0,0,0,,0,
Austin McNamara,99363,P,NYJ,1,1,,0,0,,,0,0,,,0,0,,0,0.0,0,0.0,0,,,,,,,,,,,,,,0,0,0,,,0.0,,0,0,0,0,0,0,,0,,0,22,60.4,69.5,66.9,,100.0,1,1,3.0,2.9,0,0,0.0,100.0,1,0,0.0,1,100.0,0,2.89,1,,,,,60.4,70.3,65.7,,66.9,,,,,0,0,1,100.0,,79.2,0.0,0,0,0,0,0,0,0.0,3,3.0,100.0,1,1,3.0,2.9,0,0,0.0,100.0,1,0,0.0,1,100.0,0,2.89,1,,,,,60.4,70.3,65.7,,66.9,,,,,0,0,1,100.0,,79.2,0.0,0,0,0,0,0,0,0.0,3,3.0,0,,0,0,,,0,0,,,0,0,,0,0.0,0,0.0,0,,,,,,,,,,,,,,0,0,0,,,0.0,,0,0,0,0,0,0,,0,
RJ Harvey,99622,HB,DEN,1,1,0.0,1,1,2.0,3.4,0,0,0.0,0.0,0,0,,1,100.0,0,-0.33,0,,,,54.3,73.9,57.6,82.0,,59.0,65.6,,,,0,0,1,0.0,,39.6,0.0,0,0,0,0,0,1,100.0,0,0.0,0,10,81.0,68.4,59.0,69.6,,0,0,,,0,0,,,0,0,,0,0.0,0,0.0,0,,,,66.2,78.1,64.2,87.6,,,68.6,,,,0,0,0,,,0.0,,0,0,0,0,0,0,,0,,0.0,1,1,2.0,3.4,0,0,0.0,0.0,0,0,,1,100.0,0,-0.33,0,,,,67.4,78.5,63.3,87.5,,59.0,68.0,,,,0,0,1,0.0,,39.6,0.0,0,0,0,0,0,1,100.0,0,0.0,1,,0,0,,,0,0,,,0,0,,0,0.0,0,0.0,0,,,,51.2,73.0,59.2,82.2,,,66.6,,,,0,0,0,,,0.0,,0,0,0,0,0,0,,0,
Xavier Hutchinson,122518,WR,HST,1,1,,0,0,,,0,0,,,0,0,,0,0.0,0,0.0,0,,,,59.5,74.6,70.1,38.8,,,70.6,,,,0,0,0,,,0.0,,0,0,0,0,0,0,,0,,1,13,78.8,63.6,,75.0,,0,0,,7.3,0,0,,,0,1,,1,100.0,0,1.11,0,60.7,70.6,89.4,84.1,74.9,58.0,85.1,,,56.0,,65.6,,0,0,1,100.0,0.0,0.0,0.0,0,1,0,0,0,0,0.0,0,,,0,0,,,0,0,,,0,0,,0,0.0,0,0.0,0,60.7,70.6,89.4,71.6,77.4,63.8,57.4,,,63.2,,,,0,0,0,,,0.0,,0,0,0,0,0,0,,0,,3,,0,0,,7.3,0,0,,,0,1,,1,100.0,0,1.11,0,,,,74.6,69.5,61.1,83.1,,,59.6,,65.6,,0,0,1,100.0,0.0,0.0,0.0,0,1,0,0,0,0,0.0,0,
Jaylen Waddle,84088,WR,MIA,1,1,,0,0,,,0,0,,,0,0,,0,0.0,0,0.0,0,,,,84.9,75.1,87.8,24.7,,,86.5,,,,0,0,0,,,0.0,,0,0,0,0,0,0,,0,,2,17,48.0,84.0,60.3,68.1,100.0,1,1,-4.0,3.2,0,0,0.0,100.0,1,0,0.0,1,100.0,0,-1.41,0,,,,68.0,32.0,79.2,85.7,,60.3,78.7,,,,0,0,1,0.0,,100.0,0.0,0,0,0,0,0,0,0.0,8,8.0,100.0,1,1,-4.0,3.2,0,0,0.0,100.0,1,0,0.0,1,100.0,0,-1.41,0,,,,82.8,42.8,89.6,56.4,,60.3,89.0,,,,0,0,1,0.0,,100.0,0.0,0,0,0,0,0,0,0.0,8,8.0,2,,0,0,,,0,0,,,0,0,,0,0.0,0,0.0,0,,,,52.1,69.5,65.4,82.7,,,64.6,,,,0,0,0,,,0.0,,0,0,0,0,0,0,,0,
Cooper Kupp,11824,WR,SEA,1,1,,0,0,,,0,0,,,0,0,,0,0.0,0,0.0,0,,,,72.1,74.9,67.0,82.1,,,66.8,,,,0,0,0,,,0.0,,0,0,0,0,0,0,,0,,0,29,44.8,73.1,45.5,,0.0,1,1,7.0,3.6,0,0,0.0,0.0,0,1,,1,100.0,0,-5.12,0,,,,66.9,30.2,73.2,85.3,,45.5,74.6,,,,0,1,1,0.0,0.0,0.0,0.0,0,0,0,0,0,1,100.0,0,0.0,,0,0,,,0,0,,,0,0,,0,0.0,0,0.0,0,,,,62.5,33.8,70.6,84.6,,,71.7,,,,0,0,0,,,0.0,,0,0,0,0,0,0,,0,,1,0.0,1,1,7.0,3.6,0,0,0.0,0.0,0,1,,1,100.0,0,-5.12,0,,,,82.2,73.9,71.1,83.2,,45.5,71.4,,,,0,1,1,0.0,0.0,0.0,0.0,0,0,0,0,0,1,100.0,0,0.0
Christian McCaffrey,11763,HB,SF,1,1,,0,0,,,0,0,,,0,0,,0,0.0,0,0.0,0,,,,76.1,76.1,73.6,85.0,,,91.1,,,,0,0,0,,,0.0,,0,0,0,0,0,0,,0,,0,28,83.5,77.2,60.0,66.3,,0,1,,3.3,0,0,0.0,0.0,0,1,,1,100.0,0,-0.54,0,,,,80.5,53.4,75.4,90.9,,60.0,89.0,,,,0,0,1,0.0,0.0,39.6,0.0,0,0,0,1,0,0,0.0,0,0.0,,0,0,,,0,0,,,0,0,,0,0.0,0,0.0,0,,,,80.5,82.4,81.8,90.2,,,92.2,,,,0,0,0,,,0.0,,0,0,0,0,0,0,,0,,0,,0,1,,3.3,0,0,0.0,0.0,0,1,,1,100.0,0,-0.54,0,,,,76.1,26.9,61.9,87.4,,60.0,71.4,,,,0,0,1,0.0,0.0,39.6,0.0,0,0,0,1,0,0,0.0,0,0.0
D'Andre Swift,57212,HB,CHI,1,1,,0,0,,4.1,0,0,,,0,1,,1,100.0,0,-0.61,0,,,,57.0,71.1,65.5,85.2,,,74.3,,65.6,,0,0,1,0.0,0.0,0.0,0.0,0,1,0,0,0,0,0.0,0,,1,6,74.3,83.0,,87.0,,0,0,,,0,0,,,0,0,,0,0.0,0,0.0,0,,,,68.1,76.6,61.3,88.5,,,58.2,,,,0,0,0,,,0.0,,0,0,0,0,0,0,,0,,,0,0,,,0,0,,,0,0,,0,0.0,0,0.0,0,,,,68.2,76.6,67.8,88.5,,,69.6,,,,0,0,0,,,0.0,,0,0,0,0,0,0,,0,,3,,0,0,,4.1,0,0,,,0,1,,1,100.0,0,-0.61,0,,,,56.7,71.1,54.6,85.4,,,54.4,,65.6,,0,0,1,0.0,0.0,0.0,0.0,0,1,0,0,0,0,0.0,0,
Tyler Warren,129798,TE,IND,1,1,,0,0,,,0,0,,,0,0,,0,0.0,0,0.0,0,,,,61.3,75.1,67.7,85.1,,,67.0,,,,0,0,0,,,0.0,,0,0,0,0,0,0,,0,,1,14,54.3,67.6,60.0,45.1,,0,1,,4.3,0,0,0.0,0.0,0,1,,1,100.0,0,-0.32,0,,,,74.5,80.0,70.5,68.0,,60.0,72.1,,,,0,0,1,0.0,0.0,39.6,0.0,0,0,0,1,0,0,0.0,0,0.0,,0,0,,,0,0,,,0,0,,0,0.0,0,0.0,0,,,,69.8,80.3,70.4,68.5,,,72.1,,,,0,0,0,,,0.0,,0,0,0,0,0,0,,0,,4,,0,1,,4.3,0,0,0.0,0.0,0,1,,1,100.0,0,-0.32,0,,,,69.6,74.4,67.9,85.1,,60.0,67.1,,,,0,0,1,0.0,0.0,39.6,0.0,0,0,0,1,0,0,0.0,0,0.0
Cam Akers,57206,HB,SEA,1,1,,0,0,,,0,0,,,0,0,,0,0.0,0,0.0,0,,,,,,58.8,65.0,,,58.2,,,,0,0,0,,,0.0,,0,0,0,0,0,0,,0,,0,29,72.5,57.8,70.7,64.6,100.0,1,1,15.0,2.3,0,0,0.0,100.0,1,0,0.0,1,100.0,0,3.22,1,,,,27.9,60.4,50.8,68.6,,70.7,29.1,,,,0,0,1,100.0,,158.3,0.0,0,0,0,0,1,0,0.0,32,32.0,100.0,1,1,15.0,2.3,0,0,0.0,100.0,1,0,0.0,1,100.0,0,3.22,1,,,,27.9,60.4,49.8,71.4,,70.7,29.2,,,,0,0,1,100.0,,158.3,0.0,0,0,0,0,1,0,0.0,32,32.0,0,,0,0,,,0,0,,,0,0,,0,0.0,0,0.0,0,,,,,,,,,,,,,,0,0,0,,,0.0,,0,0,0,0,0,0,,0,
Marte Mapu,56159,LB,NE,1,1,,0,0,,,0,0,,,0,0,,0,0.0,0,0.0,0,60.5,64.2,74.1,,,,,72.5,,,72.1,,72.5,0,0,0,,,0.0,,0,0,0,0,0,0,,0,,0,19,26.7,60.0,60.0,,,0,0,,3.9,0,0,,,0,1,,1,100.0,0,-1.98,0,83.1,83.4,75.9,,26.7,60.0,60.4,83.8,60.0,,,,83.8,0,0,1,0.0,100.0,0.0,100.0,1,0,0,0,0,1,100.0,0,,,0,0,,,0,0,,,0,0,,0,0.0,0,0.0,0,90.8,90.9,75.2,,,,,82.7,,,55.8,,82.7,0,0,0,,,0.0,,0,0,0,0,0,0,,0,,0,,0,0,,3.9,0,0,,,0,1,,1,100.0,0,-1.98,0,47.4,50.9,75.0,,26.7,60.0,60.4,77.3,60.0,,60.0,,77.3,0,0,1,0.0,100.0,0.0,100.0,1,0,0,0,0,1,100.0,0,
Derrick Henry,10679,HB,BLT,1,1,,0,0,,,0,0,,,0,0,,0,0.0,0,0.0,0,,,,72.1,67.0,60.6,79.4,,,57.6,,,,0,0,0,,,0.0,,0,0,0,0,0,0,,0,,0,3,56.9,80.4,48.9,79.4,0.0,1,1,14.0,3.2,0,0,0.0,0.0,0,1,,1,100.0,0,-0.32,0,,,,60.2,72.0,58.3,80.5,,48.9,60.4,,,,0,0,1,0.0,0.0,39.6,0.0,0,0,0,0,0,0,0.0,0,0.0,,0,0,,,0,0,,,0,0,,0,0.0,0,0.0,0,,,,61.8,71.9,63.5,80.7,,,59.9,,,,0,0,0,,,0.0,,0,0,0,0,0,0,,0,,1,0.0,1,1,14.0,3.2,0,0,0.0,0.0,0,1,,1,100.0,0,-0.32,0,,,,70.5,67.0,52.5,79.1,,48.9,58.2,,,,0,0,1,0.0,0.0,39.6,0.0,0,0,0,0,0,0,0.0,0,0.0
Efton Chism III,141521,WR,NE,1,1,0.0,1,1,11.0,4.5,0,0,0.0,0.0,0,0,,1,100.0,0,-1.42,0,,,,68.3,65.7,77.3,74.2,,49.8,81.9,,,,0,0,1,0.0,,39.6,0.0,0,0,0,0,0,0,0.0,0,0.0,0,19,80.8,70.5,49.8,,,0,0,,,0,0,,,0,0,,0,0.0,0,0.0,0,,,,68.3,64.0,63.5,75.7,,,62.0,,,,0,0,0,,,0.0,,0,0,0,0,0,0,,0,,0.0,1,1,11.0,4.5,0,0,0.0,0.0,0,0,,1,100.0,0,-1.42,0,,,,70.5,67.0,65.9,75.9,,49.8,69.3,,,,0,0,1,0.0,,39.6,0.0,0,0,0,0,0,0,0.0,0,0.0,0,,0,0,,,0,0,,,0,0,,0,0.0,0,0.0,0,,,,64.7,61.2,77.3,73.9,,,73.3,,,,0,0,0,,,0.0,,0,0,0,0,0,0,,0,
Brett Rypien,46487,QB,MIN,1,1,,0,0,,,0,0,,,0,0,,0,0.0,0,0.0,0,,,,,,,,,,,,,,0,0,0,,,0.0,,0,0,0,0,0,0,,0,,0,18,60.4,59.2,60.0,,,0,0,,4.1,0,0,,,0,1,,1,100.0,0,-1.29,0,,,,,60.4,60.0,64.6,,60.0,,,,,0,0,1,0.0,100.0,0.0,100.0,1,0,0,0,0,0,0.0,0,,,0,0,,,0,0,,,0,0,,0,0.0,0,0.0,0,,,,,,,,,,,,,,0,0,0,,,0.0,,0,0,0,0,0,0,,0,,0,,0,0,,4.1,0,0,,,0,1,,1,100.0,0,-1.29,0,,,,,60.4,60.0,64.6,,60.0,,,,,0,0,1,0.0,100.0,0.0,100.0,1,0,0,0,0,0,0.0,0,
DJ Moore,48267,WR,CHI,1,1,100.0,1,1,3.0,4.2,0,0,0.0,100.0,1,1,0.0,1,100.0,0,2.72,1,,,,69.6,74.4,67.7,84.1,,68.9,65.6,,,,0,0,1,100.0,0.0,118.8,0.0,0,0,0,0,1,0,0.0,2,2.0,0,6,82.5,67.8,68.9,69.8,,0,0,,,0,0,,,0,0,,0,0.0,0,0.0,0,,,,74.8,78.3,66.8,41.9,,,67.3,,,,0,0,0,,,0.0,,0,0,0,0,0,0,,0,,,0,0,,,0,0,,,0,0,,0,0.0,0,0.0,0,,,,84.3,78.6,65.2,40.9,,,65.2,,,,0,0,0,,,0.0,,0,0,0,0,0,0,,0,,8,100.0,1,1,3.0,4.2,0,0,0.0,100.0,1,1,0.0,1,100.0,0,2.72,1,,,,52.8,73.6,70.7,84.6,,68.9,69.2,,,,0,0,1,100.0,0.0,118.8,0.0,0,0,0,0,1,0,0.0,2,2.0
Courtland Sutton,48164,WR,DEN,1,1,,0,0,,4.9,0,0,,,0,1,,1,100.0,0,-3.94,0,,,,54.0,75.9,71.9,84.6,,60.0,71.3,,,,0,0,1,0.0,100.0,0.0,100.0,1,0,0,0,0,0,0.0,0,,1,10,82.5,73.8,60.0,,,0,0,,,0,0,,,0,0,,0,0.0,0,0.0,0,,,,63.0,80.2,71.7,88.2,,,72.7,,,,0,0,0,,,0.0,,0,0,0,0,0,0,,0,,,0,0,,,0,0,,,0,0,,0,0.0,0,0.0,0,,,,62.3,81.1,72.3,87.9,,,73.0,,,,0,0,0,,,0.0,,0,0,0,0,0,0,,0,,1,,0,0,,4.9,0,0,,,0,1,,1,100.0,0,-3.94,0,,,,53.1,73.6,70.7,85.2,,60.0,70.6,,,,0,0,1,0.0,100.0,0.0,100.0,1,0,0,0,0,0,0.0,0,
Jauan Jennings,48027,WR,SF,1,1,,0,0,,,0,0,,,0,0,,0,0.0,0,0.0,0,,,,83.6,24.3,75.9,82.2,,,74.5,,,,0,0,0,,,0.0,,0,0,0,0,0,0,,0,,0,28,43.6,67.1,71.0,,100.0,1,1,26.0,4.4,0,0,0.0,100.0,1,1,0.0,1,100.0,0,3.11,1,,,,49.7,78.2,64.5,63.0,,71.0,64.4,,,,0,0,1,100.0,0.0,158.3,0.0,0,0,0,0,1,0,0.0,29,29.0,,0,0,,,0,0,,,0,0,,0,0.0,0,0.0,0,,,,53.0,78.5,66.8,59.2,,,67.2,,,,0,0,0,,,0.0,,0,0,0,0,0,0,,0,,4,100.0,1,1,26.0,4.4,0,0,0.0,100.0,1,1,0.0,1,100.0,0,3.11,1,,,,81.7,23.1,70.2,83.3,,71.0,68.4,,,,0,0,1,100.0,0.0,158.3,0.0,0,0,0,0,1,0,0.0,29,29.0
Gage Larvadain,150169,WR,CLV,1,1,,0,0,,,0,0,,,0,0,,0,0.0,0,0.0,0,,,,41.6,67.0,59.2,76.9,,,59.1,,,,0,0,0,,,0.0,,0,0,0,0,0,0,,0,,1,8,54.0,50.6,,57.9,,0,0,,8.9,0,0,,,0,1,,1,100.0,0,-1.0,0,,,,36.8,67.0,50.0,80.5,,,50.7,,57.9,,0,0,1,0.0,0.0,0.0,0.0,0,1,0,0,0,0,0.0,0,,,0,0,,,0,0,,,0,0,,0,0.0,0,0.0,0,,,,29.2,68.0,50.7,79.2,,,51.1,,,,0,0,0,,,0.0,,0,0,0,0,0,0,,0,,2,,0,0,,8.9,0,0,,,0,1,,1,100.0,0,-1.0,0,,,,68.3,65.7,56.0,79.1,,,56.7,,57.9,,0,0,1,0.0,0.0,0.0,0.0,0,1,0,0,0,0,0.0,0,
Corey Bojorquez,27626,P,CLV,1,1,,0,0,,,0,0,,,0,0,,0,0.0,0,0.0,0,,,,,,,,,,,,,,0,0,0,,,0.0,,0,0,0,0,0,0,,0,,0,8,,60.0,60.0,,,0,1,,3.4,0,0,0.0,0.0,0,1,,1,100.0,0,0.0,0,,,,,,60.0,60.5,,60.0,,,,,0,0,1,0.0,0.0,39.6,0.0,0,0,0,1,0,1,100.0,0,0.0,,0,0,,,0,0,,,0,0,,0,0.0,0,0.0,0,,,,,,,,,,,,,,0,0,0,,,0.0,,0,0,0,0,0,0,,0,,0,,0,1,,3.4,0,0,0.0,0.0,0,1,,1,100.0,0,0.0,0,,,,,,60.0,60.5,,60.0,,,,,0,0,1,0.0,0.0,39.6,0.0,0,0,0,1,0,1,100.0,0,0.0
Chris Olave,84355,WR,NO,1,1,,0,0,,,0,0,,,0,0,,0,0.0,0,0.0,0,,,,88.3,76.8,79.3,0.0,,,79.2,,,,0,0,0,,,0.0,,0,0,0,0,0,0,,0,,3,20,83.7,78.0,53.5,,0.0,1,1,4.0,2.4,0,0,0.0,0.0,0,0,,1,100.0,0,-3.53,0,,,,75.3,81.5,75.2,43.9,,53.5,75.6,,,,0,1,1,0.0,,0.0,0.0,0,0,0,0,0,1,100.0,0,0.0,0.0,1,1,4.0,2.4,0,0,0.0,0.0,0,0,,1,100.0,0,-3.53,0,,,,85.9,82.5,81.8,39.2,,53.5,81.9,,,,0,1,1,0.0,,0.0,0.0,0,0,0,0,0,1,100.0,0,0.0,7,,0,0,,,0,0,,,0,0,,0,0.0,0,0.0,0,,,,69.0,73.9,66.3,8.7,,,67.1,,,,0,0,0,,,0.0,,0,0,0,0,0,0,,0,
Isaiah Williams,97156,WR,NYJ,1,1,,0,0,,,0,0,,,0,0,,0,0.0,0,0.0,0,,,,78.0,71.1,66.4,79.6,,,65.4,,,,0,0,0,,,0.0,,0,0,0,0,0,0,,0,,0,22,67.6,61.4,56.3,63.7,0.0,1,1,7.0,3.6,0,0,0.0,0.0,0,0,,1,100.0,0,-0.55,0,,,,66.7,73.6,56.3,80.9,,56.3,58.6,,,,0,0,1,0.0,,39.6,0.0,0,0,0,0,0,0,0.0,0,0.0,0.0,1,1,7.0,3.6,0,0,0.0,0.0,0,0,,1,100.0,0,-0.55,0,,,,73.5,75.6,62.7,82.3,,56.3,64.4,,,,0,0,1,0.0,,39.6,0.0,0,0,0,0,0,0,0.0,0,0.0,1,,0,0,,,0,0,,,0,0,,0,0.0,0,0.0,0,,,,68.3,64.0,54.6,77.1,,,54.6,,,,0,0,0,,,0.0,,0,0,0,0,0,0,,0,
Matt Haack,12212,P,ARZ,1,1,,0,0,,,0,0,,,0,0,,0,0.0,0,0.0,0,,,,,,,,,,,,,,0,0,0,,,0.0,,0,0,0,0,0,0,,0,,0,1,60.4,73.1,68.8,,100.0,1,1,19.0,2.2,0,0,0.0,100.0,1,0,0.0,1,100.0,0,5.88,1,,,,,60.4,73.1,65.7,,68.8,,,,,0,0,1,100.0,,118.8,0.0,0,0,0,0,0,0,0.0,28,28.0,100.0,1,1,19.0,2.2,0,0,0.0,100.0,1,0,0.0,1,100.0,0,5.88,1,,,,,60.4,73.1,65.7,,68.8,,,,,0,0,1,100.0,,118.8,0.0,0,0,0,0,0,0,0.0,28,28.0,0,,0,0,,,0,0,,,0,0,,0,0.0,0,0.0,0,,,,,,,,,,,,,,0,0,0,,,0.0,,0,0,0,0,0,0,,0,
Breece Hall,97636,HB,NYJ,1,1,100.0,1,1,12.0,4.2,0,0,0.0,100.0,1,0,0.0,1,100.0,0,1.47,1,,,,80.0,72.7,65.0,82.4,,55.1,83.8,,,,0,0,1,100.0,,122.9,0.0,0,0,0,0,1,0,0.0,4,4.0,0,22,73.3,83.5,55.1,83.7,,0,0,,,0,0,,,0,0,,0,0.0,0,0.0,0,,,,62.5,75.3,62.7,85.6,,,66.0,,,,0,0,0,,,0.0,,0,0,0,0,0,0,,0,,100.0,1,1,12.0,4.2,0,0,0.0,100.0,1,0,0.0,1,100.0,0,1.47,1,,,,65.2,76.1,66.4,85.3,,55.1,71.3,,,,0,0,1,100.0,,122.9,0.0,0,0,0,0,1,0,0.0,4,4.0,1,,0,0,,,0,0,,,0,0,,0,0.0,0,0.0,0,,,,78.0,71.1,58.8,82.9,,,73.3,,,,0,0,0,,,0.0,,0,0,0,0,0,0,,0,
Rigoberto Sanchez,12130,P,IND,1,1,,0,0,,,0,0,,,0,0,,0,0.0,0,0.0,0,,,,,,,,,,,,,,0,0,0,,,0.0,,0,0,0,0,0,0,,0,,0,14,60.4,72.9,68.8,,100.0,1,1,11.0,1.8,0,0,0.0,100.0,1,0,0.0,1,100.0,0,1.63,1,,,,,60.4,73.1,65.7,,68.8,,,,,0,0,1,100.0,,118.8,0.0,0,0,0,0,0,0,0.0,16,16.0,100.0,1,1,11.0,1.8,0,0,0.0,100.0,1,0,0.0,1,100.0,0,1.63,1,,,,,60.4,73.1,65.7,,68.8,,,,,0,0,1,100.0,,118.8,0.0,0,0,0,0,0,0,0.0,16,16.0,0,,0,0,,,0,0,,,0,0,,0,0.0,0,0.0,0,,,,,,,,,,,,,,0,0,0,,,0.0,,0,0,0,0,0,0,,0,
Justin Jefferson,61398,WR,MIN,2,1,,0,0,,0.0,0,0,,,0,0,,1,100.0,0,-0.29,0,,,,76.3,76.3,76.3,83.7,,60.0,75.3,,,,0,0,1,0.0,,0.0,0.0,0,0,0,0,0,0,0.0,0,,0,18,82.7,80.5,59.2,,,0,0,,,0,0,0.0,,0,0,,0,0.0,0,0.0,0,,,,69.2,80.3,79.5,87.6,,60.1,78.3,,,,0,0,1,,,0.0,,0,0,0,0,0,0,0.0,0,,,0,0,,0.0,0,0,0.0,,0,0,,1,100.0,0,-0.29,0,,,,70.8,80.7,78.6,86.7,,59.2,77.4,,,,0,0,2,0.0,,0.0,0.0,0,0,0,0,0,0,0.0,0,,1,,0,0,,,0,0,,,0,0,,0,0.0,0,0.0,0,,,,74.2,75.5,77.9,85.2,,,76.7,,,,0,0,0,,,0.0,,0,0,0,0,0,0,,0,
Treylon Burks,99218,WR,WAS,1,1,,0,0,,8.0,0,0,,,0,1,,1,100.0,0,-0.6,0,,,,68.3,65.7,57.8,78.7,,60.0,60.4,,,,0,0,1,0.0,100.0,0.0,100.0,1,0,0,0,0,0,0.0,0,,0,32,72.8,62.9,60.0,,,0,0,,,0,0,,,0,0,,0,0.0,0,0.0,0,,,,77.3,70.6,65.6,81.9,,,65.8,,,,0,0,0,,,0.0,,0,0,0,0,0,0,,0,,,0,0,,,0,0,,,0,0,,0,0.0,0,0.0,0,,,,76.5,70.1,58.5,81.8,,,60.3,,,,0,0,0,,,0.0,,0,0,0,0,0,0,,0,,1,,0,0,,8.0,0,0,,,0,1,,1,100.0,0,-0.6,0,,,,70.5,67.0,71.2,79.0,,60.0,70.7,,,,0,0,1,0.0,100.0,0.0,100.0,1,0,0,0,0,0,0.0,0,
