player,player_id,position,team_name,player_game_count,comp_pct_diff,declined_penalties,dropbacks,franchise_id,no_screen_accuracy_percent,no_screen_aimed_passes,no_screen_attempts,no_screen_avg_depth_of_target,no_screen_avg_time_to_throw,no_screen_bats,no_screen_big_time_throws,no_screen_btt_rate,no_screen_completion_percent,no_screen_completions,no_screen_def_gen_pressures,no_screen_drop_rate,no_screen_dropbacks,no_screen_dropbacks_percent,no_screen_drops,no_screen_epa,no_screen_first_downs,no_screen_grades_coverage_defense,no_screen_grades_defense,no_screen_grades_defense_penalty,no_screen_grades_hands_drop,no_screen_grades_hands_fumble,no_screen_grades_offense,no_screen_grades_offense_penalty,no_screen_grades_overall_tackle,no_screen_grades_pass,no_screen_grades_pass_route,no_screen_grades_pass_rush_defense,no_screen_grades_run,no_screen_grades_run_defense,no_screen_grades_tackle,no_screen_hit_as_threw,no_screen_interceptions,no_screen_passing_snaps,no_screen_positive_epa_percent,no_screen_pressure_to_sack_rate,no_screen_qb_rating,no_screen_sack_percent,no_screen_sacks,no_screen_scrambles,no_screen_spikes,no_screen_thrown_aways,no_screen_touchdowns,no_screen_turnover_worthy_plays,no_screen_twp_rate,no_screen_yards,no_screen_ypa,npa_accuracy_percent,npa_aimed_passes,npa_attempts,npa_avg_depth_of_target,npa_avg_time_to_throw,npa_bats,npa_big_time_throws,npa_btt_rate,npa_completion_percent,npa_completions,npa_def_gen_pressures,npa_drop_rate,npa_dropbacks,npa_dropbacks_percent,npa_drops,npa_epa,npa_first_downs,npa_grades_coverage_defense,npa_grades_defense,npa_grades_defense_penalty,npa_grades_hands_drop,npa_grades_hands_fumble,npa_grades_offense,npa_grades_offense_penalty,npa_grades_overall_tackle,npa_grades_pass,npa_grades_pass_route,npa_grades_pass_rush_defense,npa_grades_run,npa_grades_run_defense,npa_grades_tackle,npa_hit_as_threw,npa_interceptions,npa_passing_snaps,npa_positive_epa_percent,npa_pressure_to_sack_rate,npa_qb_rating,npa_sack_percent,npa_sacks,npa_scrambles,npa_spikes,npa_thrown_aways,npa_touchdowns,npa_turnover_worthy_plays,npa_twp_rate,npa_yards,npa_ypa,pa_accuracy_percent,pa_aimed_passes,pa_attempts,pa_avg_depth_of_target,pa_avg_time_to_throw,pa_bats,pa_big_time_throws,pa_btt_rate,pa_completion_percent,pa_completions,pa_def_gen_pressures,pa_drop_rate,pa_dropbacks,pa_dropbacks_percent,pa_drops,pa_epa,pa_first_downs,pa_grades_coverage_defense,pa_grades_defense,pa_grades_defense_penalty,pa_grades_hands_drop,pa_grades_hands_fumble,pa_grades_offense,pa_grades_offense_penalty,pa_grades_overall_tackle,pa_grades_pass,pa_grades_pass_route,pa_grades_pass_rush_defense,pa_grades_run,pa_grades_run_defense,pa_grades_tackle,pa_hit_as_threw,pa_interceptions,pa_passing_snaps,pa_positive_epa_percent,pa_pressure_to_sack_rate,pa_qb_rating,pa_sack_percent,pa_sacks,pa_scrambles,pa_spikes,pa_thrown_aways,pa_touchdowns,pa_turnover_worthy_plays,pa_twp_rate,pa_yards,pa_ypa,penalties,screen_accuracy_percent,screen_aimed_passes,screen_attempts,screen_avg_depth_of_target,screen_avg_time_to_throw,screen_bats,screen_big_time_throws,screen_btt_rate,screen_completion_percent,screen_completions,screen_def_gen_pressures,screen_drop_rate,screen_dropbacks,screen_dropbacks_percent,screen_drops,screen_epa,screen_first_downs,screen_grades_coverage_defense,screen_grades_defense,screen_grades_defense_penalty,screen_grades_hands_drop,screen_grades_hands_fumble,screen_grades_offense,screen_grades_offense_penalty,screen_grades_overall_tackle,screen_grades_pass,screen_grades_pass_route,screen_grades_pass_rush_defense,screen_grades_run,screen_grades_run_defense,screen_grades_tackle,screen_hit_as_threw,screen_interceptions,screen_passing_snaps,screen_positive_epa_percent,screen_pressure_to_sack_rate,screen_qb_rating,screen_sack_percent,screen_sacks,screen_scrambles,screen_spikes,screen_thrown_aways,screen_touchdowns,screen_turnover_worthy_plays,screen_twp_rate,screen_yards,screen_ypa,ypa_diff
Drake Maye,143969,QB,NE,21,5.66,0,755,19,75.3,535,571,10.6,3.15,7,32,5.3,67.6,386,276,4.2,709,93.9,17,0.19,264,,,,,28.7,80.8,72.2,,76.5,60.0,,80.1,,,6,12,749,52.8,23.6,107.2,9.2,65,73,0,23,36,26,3.5,5006,8.8,75.4,443,468,10.5,2.99,7,27,5.5,67.9,318,215,4.8,578,76.6,16,0.13,204,,,,,26.4,74.3,69.8,,70.2,,,76.9,,,4,11,610,50.9,24.2,101.5,9.0,52,57,0,14,26,25,4.1,3832,8.2,82.4,131,144,7.0,3.39,1,5,3.2,73.6,106,69,1.9,177,23.4,2,0.33,67,,,,,89.5,89.6,82.9,,86.2,60.0,,74.9,,,2,1,187,54.8,23.2,126.2,9.0,16,17,0,10,11,1,0.5,1390,9.7,0,100.0,39,41,-3.3,2.08,1,0,0.0,92.7,38,8,2.6,46,6.1,1,-0.01,7,,,,,80.1,66.6,77.8,,66.9,,,58.3,,,0,0,48,37.0,37.5,96.7,6.5,3,1,0,1,1,0,0.0,216,5.3,1.46
Matthew Stafford,4924,QB,LA,20,4.13,0,755,26,70.8,624,666,10.8,2.79,6,58,8.2,61.9,412,236,6.8,704,93.2,30,0.2,269,,,,,60.1,92.3,72.4,,92.0,,,37.4,,,8,8,745,51.6,12.3,106.3,4.1,29,9,4,24,49,25,3.4,5294,7.9,70.0,444,471,10.3,2.53,4,37,7.5,62.0,292,157,6.1,497,65.8,19,0.14,181,,,,,44.4,87.8,68.3,,87.1,,,45.0,,,5,8,523,50.9,14.0,98.4,4.4,22,3,4,14,29,22,4.2,3522,7.5,76.8,228,245,9.0,3.12,2,21,8.0,66.1,162,83,7.4,258,34.2,13,0.31,104,,,,,90.5,92.2,84.4,,91.9,,,40.1,,,3,1,274,54.7,8.4,122.8,2.7,7,6,0,12,23,4,1.5,2121,8.7,0,91.7,48,50,-2.3,1.83,0,0,0.0,84.0,42,4,4.5,51,6.8,2,0.24,16,,,,,80.6,63.8,78.1,,63.3,,,,,,0,1,52,60.8,0.0,107.4,0.0,0,0,0,2,3,1,1.9,349,7.0,1.18
Caleb Williams,144622,QB,CHI,19,5.53,0,737,6,66.5,526,584,10.8,3.42,14,37,6.0,54.5,318,254,9.1,659,89.4,32,0.07,221,,,,64.7,61.8,76.9,62.2,,72.6,60.2,,80.9,,,3,11,699,46.9,9.8,86.5,3.8,25,49,2,39,30,23,3.3,4176,7.2,69.0,393,445,8.6,3.02,13,23,4.9,55.5,247,180,8.9,495,67.2,24,0.06,151,,,,64.7,50.2,71.7,57.5,,67.4,91.3,,77.3,,,3,7,525,45.1,10.6,84.6,3.8,19,29,2,34,20,15,2.9,2968,6.7,70.4,199,213,10.3,3.66,4,14,6.3,61.0,130,81,7.1,242,32.8,10,0.05,89,,,,64.7,90.4,79.9,84.4,,75.9,60.2,,78.9,,,0,5,255,47.5,7.4,91.5,2.5,6,20,0,10,11,9,3.5,1592,7.5,0,92.4,66,74,-3.9,1.63,3,0,0.0,79.7,59,7,3.3,78,10.6,2,-0.12,19,,,,64.7,83.5,66.7,79.8,,61.4,91.3,,65.6,,,0,1,81,37.2,0.0,87.2,0.0,0,0,0,5,1,1,1.2,384,5.2,0.8
Bo Nix,97790,QB,DEN,18,3.36,0,730,10,71.6,514,569,10.0,3.04,15,35,5.8,59.1,336,223,8.7,629,86.2,32,0.11,201,,,,,68.4,76.5,59.0,,75.8,56.6,,63.9,,,7,12,666,47.4,9.9,86.5,3.5,22,37,1,32,28,22,3.3,3769,6.6,73.9,440,479,8.4,2.74,12,29,5.8,62.0,297,163,8.6,526,72.1,28,0.11,157,,,,,77.6,80.7,55.5,,78.8,60.0,,70.9,,,6,9,550,46.0,8.0,86.9,2.5,13,24,1,20,21,13,2.4,3029,6.3,80.1,161,179,7.1,3.09,4,6,3.1,65.4,117,69,9.3,204,27.9,12,0.03,64,,,,,57.1,61.6,83.6,,63.5,58.4,,47.6,,,1,3,221,46.6,13.0,90.1,4.4,9,14,0,13,7,9,4.1,1181,6.6,0,98.9,87,89,-3.6,1.56,1,0,0.0,87.6,78,9,9.3,101,13.8,8,-0.05,20,,,,,85.3,71.0,80.7,,68.5,,,65.6,,,0,0,105,38.6,0.0,87.3,0.0,0,1,0,1,0,0,0.0,441,5.0,0.28
Trevor Lawrence,77632,QB,JAX,18,-6.36,0,682,15,71.5,485,522,11.0,3.04,15,30,5.4,59.4,310,244,10.7,608,89.1,37,0.07,216,,,,,66.9,85.7,58.2,,82.6,,,77.4,,,10,14,649,48.7,16.8,90.1,6.7,41,44,3,9,29,23,3.5,3909,7.5,74.1,410,442,9.3,2.81,13,25,5.3,62.4,276,201,9.2,515,75.5,28,0.03,170,,,,,69.1,85.3,55.2,,81.5,,,81.1,,,9,13,551,47.2,16.9,89.1,6.6,34,35,3,7,23,19,3.4,3166,7.2,71.4,133,148,9.8,3.16,7,5,3.2,56.1,83,55,12.6,167,24.5,12,0.09,55,,,,,69.1,68.6,82.6,,69.3,,,52.5,,,2,1,174,48.5,14.5,95.8,4.8,8,9,0,6,9,5,2.9,1048,7.1,0,89.7,58,68,-3.1,1.73,5,0,0.0,72.1,49,12,5.8,74,10.9,3,-0.15,9,,,,,83.1,53.5,79.5,,53.6,,,,,,1,0,76,37.8,8.3,95.5,1.4,1,0,0,4,3,1,1.3,305,4.5,-0.08
Justin Herbert,28237,QB,LAC,17,2.68,0,660,27,74.5,471,506,9.2,3.05,7,22,4.1,65.0,329,282,6.3,621,94.1,22,0.05,201,,,,,53.6,78.3,68.7,,73.3,,,82.7,,,11,13,652,50.2,20.9,93.5,9.5,59,56,0,17,26,18,2.8,3737,7.4,75.2,379,405,8.2,2.81,6,16,3.8,65.4,265,204,7.0,488,73.9,20,-0.01,141,,,,,68.4,73.2,65.5,,69.0,,,77.1,,,9,11,514,49.2,20.6,87.0,8.6,42,40,0,11,16,12,2.3,2775,6.9,78.4,125,138,8.9,3.39,1,6,4.2,68.1,94,84,4.1,172,26.1,4,0.16,65,,,,,29.9,82.0,82.7,,76.8,,,82.6,,,2,2,177,51.2,21.4,110.5,10.5,18,16,0,10,10,6,3.4,1111,8.1,0,97.0,33,37,-4.2,1.62,0,0,0.0,81.1,30,6,6.3,39,5.9,2,-0.21,5,,,,,78.9,62.1,77.1,,61.7,,,,,,0,0,39,41.0,16.7,83.4,2.6,1,0,0,4,0,0,0.0,149,4.0,1.2
Dak Prescott,10769,QB,DAL,17,11.02,0,659,9,75.4,529,563,9.4,2.83,13,31,5.1,66.1,372,232,6.8,621,94.2,27,0.17,225,,,,,64.9,87.1,90.2,,85.5,,,61.3,,,6,10,674,50.9,13.4,99.5,5.0,31,26,3,12,29,19,2.8,4403,7.8,74.3,405,434,9.2,2.65,13,19,4.0,64.3,279,164,7.3,474,71.9,22,0.09,161,,,,,74.0,81.7,89.6,,81.1,,,54.6,,,6,10,518,48.3,14.6,88.1,5.1,24,15,3,7,16,14,2.7,3100,7.1,82.4,159,166,7.0,3.11,0,12,6.9,75.3,125,69,4.6,185,28.1,6,0.32,69,,,,,48.2,87.6,83.1,,84.5,,,72.7,,,0,0,194,55.1,10.1,129.4,3.8,7,11,0,7,14,5,2.6,1452,8.7,0,94.3,35,37,-4.2,1.94,0,0,0.0,86.5,32,1,3.0,38,5.8,1,-0.14,5,,,,,78.7,66.9,77.0,,66.3,,,,,,0,0,38,39.5,0.0,92.5,0.0,0,0,0,2,1,0,0.0,149,4.0,1.61
Josh Allen,46601,QB,BUF,18,4.69,0,642,4,76.4,440,462,9.6,3.23,5,29,5.9,67.5,312,234,7.1,563,87.7,24,0.17,202,,,,,65.8,91.1,79.6,,85.2,,,90.9,,,4,12,594,50.1,18.4,100.4,7.6,43,58,1,12,26,16,2.7,3784,8.2,76.5,361,375,7.9,2.87,4,20,5.1,68.3,256,173,7.2,448,69.8,20,0.13,138,,,,,66.8,88.5,78.0,,80.0,,,90.9,,,2,11,473,46.9,22.0,97.5,8.5,38,32,1,7,21,12,2.5,2891,7.7,82.6,149,159,7.3,3.28,2,9,5.3,73.0,116,64,5.7,194,30.2,7,0.2,85,,,,,72.1,85.0,83.3,,82.2,,,72.3,,,2,1,204,55.2,9.4,112.0,3.1,6,27,0,6,8,4,2.0,1333,8.4,0,90.0,70,72,-3.5,1.26,1,0,0.0,83.3,60,3,4.8,79,12.3,3,0.02,21,,,,,83.7,63.1,79.8,,63.2,,,58.3,,,0,0,83,44.3,33.3,106.0,1.3,1,1,0,1,3,0,0.0,440,6.1,0.67
Baker Mayfield,46518,QB,TB,17,5.56,0,630,30,67.7,446,473,10.4,3.09,7,28,5.5,58.6,277,220,8.3,552,87.6,25,-0.04,179,,,,,33.8,69.5,78.7,,64.1,60.0,,86.8,,,8,11,595,44.6,16.4,86.0,6.5,36,43,1,11,23,28,4.7,3244,6.9,70.8,397,423,8.6,2.85,9,22,4.8,61.9,262,187,6.8,495,78.6,19,-0.09,152,,,,,29.5,66.9,77.9,,61.9,,,84.8,,,7,11,535,43.6,17.1,85.5,6.5,32,32,1,9,20,25,4.7,2733,6.5,75.7,115,120,8.6,3.04,0,6,4.7,67.5,81,35,6.9,135,21.4,6,0.27,46,,,,,87.6,74.1,82.0,,70.6,60.0,,74.8,,,1,0,145,50.4,11.4,108.3,3.0,4,11,0,4,6,3,2.1,960,8.0,0,100.0,66,70,-3.7,1.44,2,0,0.0,94.3,66,2,0.0,78,12.4,0,0.17,19,,,,,83.8,67.3,79.9,,66.6,,,,,,0,0,85,48.7,0.0,107.7,0.0,0,0,0,2,3,0,0.0,449,6.4,1.54
Sam Darnold,29048,QB,SEA,20,1.38,0,625,29,75.2,472,524,9.9,2.84,16,34,6.1,64.7,339,217,4.5,575,92.0,16,0.11,213,,,,,34.3,79.3,70.3,,80.2,58.9,,41.6,,,7,14,607,50.4,15.2,99.3,5.7,33,16,4,25,30,21,3.5,4441,8.5,75.5,371,410,7.9,2.53,12,18,4.2,66.3,272,154,2.9,453,72.5,8,0.02,146,,,,,29.2,68.7,67.6,,70.1,,,39.7,,,5,9,477,47.2,14.9,90.2,5.1,23,12,4,18,14,17,3.6,3006,7.3,81.6,141,158,11.4,3.27,4,16,9.5,67.7,107,68,7.0,172,27.5,8,0.28,77,,,,,75.9,91.2,82.9,,90.5,58.9,,59.1,,,2,5,183,55.2,14.7,124.3,5.8,10,4,0,11,16,4,2.2,1714,10.8,0,100.0,40,44,-3.3,1.48,0,0,0.0,90.9,40,5,0.0,50,8.0,0,-0.12,10,,,,,80.6,64.8,78.2,,64.3,,,,,,0,0,53,38.0,0.0,93.1,0.0,0,0,0,4,0,0,0.0,279,6.3,3.52
Jared Goff,10635,QB,DET,17,2.71,0,623,11,78.2,455,514,8.4,2.68,15,16,3.0,66.0,339,221,4.8,557,89.4,17,0.14,206,,,,,65.8,78.4,78.7,,77.7,37.4,,52.6,,,10,8,579,49.0,17.2,102.9,6.8,38,5,2,32,29,13,2.2,4140,8.1,79.8,371,415,7.1,2.43,13,13,3.0,67.2,279,153,5.7,449,72.1,17,0.08,153,,,,,67.8,77.7,77.0,,76.6,,,54.8,,,7,6,470,45.7,19.6,102.7,6.7,30,3,2,22,25,9,1.9,3046,7.3,81.1,143,163,6.7,2.93,3,3,1.8,69.9,114,71,1.7,174,27.9,2,0.32,72,,,,64.7,69.1,70.0,34.3,,70.2,61.7,,54.5,,,3,2,178,55.2,11.3,112.5,4.6,8,2,0,14,9,4,2.2,1518,9.3,0,94.9,59,64,-4.0,1.65,1,0,0.0,84.4,54,3,3.6,66,10.6,2,0.21,19,,,,64.7,82.4,62.1,0.0,,60.4,78.6,,,,,0,0,69,42.4,0.0,120.3,0.0,0,0,0,4,5,0,0.0,424,6.6,1.97
Cam Ward,133244,QB,TEN,17,2.89,0,623,31,67.1,417,468,9.6,3.18,8,21,4.2,55.8,261,227,6.8,547,87.8,19,-0.23,148,,,,,28.3,56.6,65.2,,55.1,,,65.6,,,6,7,580,38.0,24.2,77.4,10.1,55,23,3,34,14,23,4.0,2822,6.0,69.3,374,411,8.2,2.92,9,17,3.9,59.1,243,169,6.2,471,75.6,16,-0.22,122,,,,,40.1,55.5,63.0,,54.1,,,64.5,,,4,7,501,38.9,26.0,75.1,9.3,44,16,3,21,8,19,3.8,2399,5.8,75.7,111,129,6.3,3.18,0,4,2.9,62.0,80,61,4.8,152,24.4,4,-0.19,41,,,,,27.9,67.1,82.3,,64.0,,,74.7,,,2,0,161,35.5,18.0,96.7,7.2,11,8,0,16,7,4,2.5,770,6.0,0,92.6,68,72,-3.1,1.54,1,0,0.0,86.1,62,3,1.6,76,12.2,1,-0.07,15,,,,,83.6,70.8,79.8,,66.3,,,70.8,,,0,0,82,38.2,0.0,91.4,0.0,0,1,0,3,1,0,0.0,347,4.8,0.13
Patrick Mahomes,11765,QB,KC,14,5.49,0,594,16,69.0,390,429,10.5,3.16,8,23,5.0,58.0,249,202,7.4,515,86.7,20,0.12,180,,,,,65.6,75.3,63.0,,69.9,,,86.1,,,4,11,555,48.9,16.8,85.5,6.6,34,51,2,25,19,20,3.6,3187,7.4,72.6,351,384,9.0,2.89,7,19,4.6,61.5,236,161,7.5,450,75.8,19,0.12,148,,,,,79.7,74.7,60.7,,71.3,,,76.9,,,3,10,487,49.1,16.1,89.6,5.8,26,37,2,21,20,15,3.1,2749,7.2,75.5,110,118,6.2,3.04,2,4,3.3,66.9,79,44,4.8,144,24.2,4,0.13,49,,,,,42.1,72.4,82.0,,64.2,,,90.1,,,1,1,149,52.8,18.2,89.6,5.6,8,16,0,5,2,5,3.4,838,7.1,0,97.2,71,73,-3.4,1.41,1,0,0.0,90.4,66,3,4.3,79,13.3,3,0.16,17,,,,,83.5,71.5,79.7,,69.4,,,66.5,,,0,0,81,57.0,0.0,103.2,0.0,0,2,0,1,3,0,0.0,400,5.5,-0.06
Bryce Young,123943,QB,CAR,17,12.53,0,586,5,74.9,411,474,8.4,2.94,10,25,4.9,60.3,286,209,7.1,537,91.6,22,-0.09,171,,,,,52.9,70.7,66.7,,67.9,,,72.6,,,9,12,575,44.7,13.4,84.6,5.2,28,35,2,42,23,17,3.0,3031,6.4,73.7,342,392,7.9,2.7,8,23,5.5,59.7,234,154,7.1,435,74.2,18,-0.13,126,,,,,61.5,68.5,63.9,,66.8,,,65.8,,,7,9,469,41.1,13.6,82.8,4.8,21,20,2,33,18,13,2.8,2370,6.0,85.7,112,126,5.0,3.26,2,2,1.5,72.2,91,66,5.2,151,25.8,5,0.03,55,,,,,46.2,72.6,82.2,,68.4,,,76.4,,,2,3,157,54.3,12.1,98.1,5.3,8,15,0,10,6,4,2.5,905,7.2,0,93.0,43,44,-3.9,1.73,0,0,0.0,88.6,39,11,2.5,49,8.4,1,-0.08,10,,,,,80.4,66.3,78.0,,65.7,,,,,,0,0,51,42.9,9.1,97.3,2.0,1,0,0,1,1,0,0.0,244,5.5,1.13
Aaron Rodgers,2241,QB,PIT,17,-3.31,0,579,25,70.4,402,443,8.7,2.76,7,27,5.7,59.6,264,149,6.7,489,84.5,19,-0.06,135,,,,,45.2,66.4,50.6,,67.3,,,42.7,,,7,8,519,42.5,22.1,90.1,6.7,33,12,2,25,23,16,3.1,3040,6.9,75.4,386,420,6.8,2.47,8,24,5.4,65.5,275,119,5.5,456,78.8,16,-0.04,121,,,,,60.8,70.0,49.1,,70.4,,,44.9,,,7,7,485,43.2,21.8,92.4,5.7,26,8,2,17,18,13,2.7,2861,6.8,74.3,101,111,5.7,2.99,1,3,2.6,62.2,69,35,8.0,123,21.2,6,-0.12,32,,,,,35.3,58.1,81.4,,59.4,,,50.5,,,0,1,127,39.8,20.0,90.9,5.7,7,4,0,9,6,3,2.4,607,5.5,0,97.6,85,88,-3.4,1.61,2,0,0.0,90.9,80,5,3.6,90,15.5,3,-0.06,18,,,,,84.4,72.2,80.3,,71.1,,,,,,0,0,93,42.2,0.0,90.7,0.0,0,0,0,1,1,0,0.0,428,4.9,-1.34
Jalen Hurts,40291,QB,PHI,17,-1.57,0,569,24,72.2,413,454,10.2,3.19,5,25,5.2,62.1,282,197,5.4,528,92.8,16,0.04,162,,,,,58.6,78.9,67.2,,76.6,,,71.6,,,7,6,559,44.3,16.8,92.8,6.3,33,40,2,27,20,12,2.1,3241,7.1,74.8,337,370,8.9,2.96,5,21,5.4,64.6,239,158,5.2,439,77.2,13,0.02,126,,,,,62.3,78.8,64.8,,77.3,,,69.3,,,3,3,465,43.1,17.7,96.6,6.4,28,34,2,23,17,9,1.9,2555,6.9,72.2,108,119,10.3,3.37,1,4,3.2,63.0,75,44,3.8,130,22.8,3,0.12,46,,,,,57.6,70.6,81.7,,67.7,,,75.1,,,4,3,137,49.2,11.4,98.6,3.8,5,6,0,6,9,3,2.2,837,7.0,0,100.0,32,35,-3.5,1.29,1,0,0.0,91.4,32,5,0.0,41,7.2,0,0.09,10,,,,,79.5,67.6,77.4,,66.9,,,,,,0,0,43,46.3,0.0,124.2,0.0,0,0,0,2,6,0,0.0,151,4.3,0.12
C.J. Stroud,129759,QB,HST,16,-0.34,0,559,13,67.9,436,476,9.3,2.87,7,18,3.5,60.9,290,204,2.0,533,95.3,6,0.05,163,,,,,58.8,64.7,78.2,,61.6,,,73.2,,,8,13,576,45.4,14.2,85.9,5.4,29,28,3,22,21,23,4.0,3396,7.1,69.4,350,380,8.6,2.71,6,13,3.2,62.6,238,162,2.1,422,75.5,5,0.03,126,,,,,58.7,67.9,76.3,,63.3,,,82.3,,,7,8,455,43.4,13.6,85.7,5.2,22,20,3,14,14,14,3.1,2542,6.7,69.4,111,122,8.6,3.12,1,5,3.8,62.3,76,47,1.3,137,24.5,1,0.0,41,,,,,64.9,55.4,82.0,,58.0,,,43.3,,,1,5,149,48.2,14.9,88.9,5.1,7,8,0,9,7,9,6.0,961,7.9,0,96.0,25,26,-3.4,1.69,0,0,0.0,92.3,24,5,0.0,26,4.7,0,-0.44,4,,,,,77.0,65.4,75.9,,64.8,,,,,,0,0,28,26.9,0.0,83.8,0.0,0,0,0,1,0,0,0.0,107,4.1,1.19
Jacoby Brissett,10725,QB,ARZ,13,-2.94,0,550,1,72.8,408,445,9.0,3.04,3,17,3.6,63.4,282,218,5.1,510,92.7,15,-0.02,164,,,,,48.8,70.2,74.5,,68.2,,,68.9,,,7,8,538,45.9,19.7,94.4,8.4,43,22,1,26,23,16,3.0,3182,7.2,74.3,334,356,8.3,2.8,2,15,4.0,65.7,234,159,5.6,402,73.1,14,0.01,124,,,,,47.3,68.7,71.8,,67.0,,,66.4,,,6,6,425,46.3,18.9,95.1,7.5,30,16,1,13,18,14,3.3,2425,6.8,76.1,109,129,7.4,3.43,1,2,1.5,62.8,81,66,2.4,148,26.9,2,-0.08,49,,,,,66.6,70.6,82.2,,68.5,,,69.3,,,1,2,156,43.9,19.7,91.3,8.8,13,6,0,18,5,2,1.3,941,7.3,0,97.1,35,40,-2.6,2.01,0,0,0.0,82.5,33,7,2.9,40,7.3,1,-0.01,9,,,,,79.5,67.3,77.4,,66.6,,,,,,0,0,43,42.5,0.0,85.8,0.0,0,0,0,5,0,0,0.0,184,4.6,0.48
Jordan Love,40306,QB,GB,16,-2.85,0,542,12,74.4,387,435,11.0,2.98,6,30,6.5,62.1,270,199,6.3,483,89.1,18,0.2,174,,,,,58.7,89.6,77.1,,89.7,,,54.5,,,9,6,510,51.6,11.1,99.1,4.6,22,25,1,32,24,15,2.9,3411,7.8,76.9,329,364,9.2,2.72,5,25,6.6,65.7,239,156,5.5,406,74.9,14,0.17,133,,,,,51.5,87.1,75.6,,87.3,,,53.7,,,6,4,424,49.8,11.5,99.8,4.4,18,16,1,23,18,12,2.8,2720,7.5,76.6,107,121,10.0,3.14,1,5,3.8,62.8,76,53,7.3,136,25.1,6,0.3,52,,,,,87.7,80.3,82.0,,79.5,,,59.5,,,3,2,148,54.4,7.5,106.2,2.9,4,9,0,10,9,3,2.0,984,8.1,0,95.9,49,50,-3.3,1.56,0,0,0.0,90.0,45,10,4.3,59,10.9,2,0.19,11,,,,,81.6,65.6,78.8,,65.0,,,,,,0,0,62,45.8,0.0,111.1,0.0,0,0,0,1,3,0,0.0,293,5.9,0.66
Geno Smith,7820,QB,LV,15,-2.93,0,524,23,74.1,367,396,8.4,2.9,7,14,3.3,65.2,258,209,5.1,471,89.9,14,-0.14,145,,,,,64.1,60.5,88.9,,57.7,,,70.3,,,7,17,504,45.0,25.8,82.3,11.5,54,18,2,13,17,22,4.4,2807,7.1,77.9,303,330,6.5,2.74,6,13,3.7,68.2,225,159,4.7,388,74.0,11,-0.17,108,,,,,57.3,61.2,88.4,,58.5,,,68.0,,,6,12,416,41.2,28.9,87.3,11.9,46,12,2,13,16,16,3.8,2168,6.6,74.1,112,118,8.1,2.94,2,1,0.8,65.3,77,53,7.2,136,26.0,6,-0.06,46,,,,,87.4,59.8,81.8,,58.2,,,69.0,,,1,5,141,50.7,17.0,77.5,6.6,9,6,0,3,3,7,5.0,857,7.3,0,97.9,48,52,-4.1,1.76,1,0,0.0,84.6,44,3,6.4,53,10.1,3,-0.19,9,,,,,80.8,63.2,78.2,,62.7,,,,,,0,0,53,32.1,33.3,97.0,1.9,1,0,0,3,2,1,1.9,218,4.2,0.69
Tua Tagovailoa,60326,QB,MIA,14,9.75,0,440,17,72.8,305,323,9.2,2.78,2,18,5.2,64.4,208,126,6.3,365,83.0,14,-0.02,130,,,,,44.1,62.8,57.6,,66.9,,,27.0,,,1,15,388,45.5,23.8,85.2,8.2,30,12,2,13,18,25,6.4,2347,7.3,74.1,255,270,7.5,2.53,4,12,4.2,64.8,175,98,7.4,313,71.1,14,-0.06,99,,,,,39.6,58.5,54.9,,63.1,60.0,,26.8,,,1,13,327,42.5,25.5,80.1,8.0,25,10,2,8,13,19,5.8,1816,6.7,82.2,107,114,6.5,2.62,0,6,4.8,74.6,85,33,3.4,127,28.9,3,0.02,44,,,,,63.1,68.8,81.8,,68.6,,,54.5,,,0,2,138,45.7,15.2,108.2,3.9,5,2,0,7,7,6,4.3,844,7.4,0,96.5,57,61,-3.2,1.45,2,0,0.0,85.2,52,5,5.5,75,17.0,3,-0.08,13,,,,,57.5,57.3,79.6,,57.3,60.0,,,,,0,0,77,33.3,0.0,99.0,0.0,0,0,0,2,2,0,0.0,313,5.1,0.67
Joe Flacco,4332,QB,CIN,12,-2.99,0,438,7,71.2,347,386,8.5,2.65,4,16,3.9,58.8,227,146,8.1,408,93.2,20,-0.16,115,,,,,57.7,67.4,7.6,,66.2,,,76.1,,,7,10,435,41.7,12.3,78.8,4.4,18,4,4,24,15,15,3.4,2368,6.1,72.5,309,340,7.6,2.51,3,10,2.8,60.9,207,116,7.6,359,82.0,17,-0.15,97,,,,,63.4,65.0,1.6,,63.8,,,76.1,,,4,8,382,41.2,12.9,80.9,4.2,15,4,4,20,14,13,3.4,1974,5.8,75.4,65,76,7.7,3.01,2,6,7.4,57.9,44,32,10.2,79,18.0,5,-0.26,21,,,,,50.0,74.4,79.9,,73.1,,,,,,3,2,84,39.2,9.4,71.4,3.8,3,0,0,6,1,2,2.4,505,6.6,0,96.3,27,30,-4.2,1.91,1,0,0.0,80.0,24,2,7.7,30,6.8,2,-0.31,3,,,,,77.6,68.3,76.3,,67.6,,,,,,0,0,31,30.0,0.0,82.1,0.0,0,0,0,2,0,0,0.0,111,3.7,0.83
Daniel Jones,39395,QB,IND,13,4.5,0,429,14,75.3,340,360,9.5,2.8,7,13,3.4,66.9,241,149,5.9,404,94.2,15,0.15,147,,,,,57.8,72.7,73.4,,69.7,58.9,,73.7,,,5,8,432,51.7,14.1,98.9,5.2,21,23,2,6,18,17,3.9,2905,8.1,76.3,232,250,8.9,2.67,6,10,3.7,66.4,166,108,6.2,280,65.3,11,0.15,97,,,,,56.5,72.9,70.0,,69.9,,,72.2,,,3,4,303,49.3,13.9,103.2,5.4,15,15,2,7,16,12,4.0,1866,7.5,76.2,130,134,8.0,2.92,1,3,2.1,70.9,95,43,4.0,149,34.7,4,0.13,60,,,,,44.2,64.9,82.3,,63.3,58.9,,68.2,,,2,4,157,55.7,16.3,94.6,4.7,7,8,0,1,3,6,3.8,1235,9.2,0,90.9,22,24,-4.6,1.96,0,0,0.0,83.3,20,2,0.0,25,5.8,0,0.02,10,,,,,25.5,52.5,75.9,,52.7,,,,,,0,0,28,48.0,50.0,114.6,4.0,1,0,0,2,1,1,3.6,196,8.2,1.76
Jaxson Dart,146409,QB,NYG,13,-8.2,0,413,21,70.8,274,299,10.4,3.21,8,19,5.8,59.2,177,149,8.8,372,90.1,17,-0.03,113,,,,,47.5,67.3,1.8,,63.4,60.0,,76.9,,,5,5,405,44.1,23.5,86.2,9.4,35,38,1,11,12,15,3.7,2039,6.8,75.3,247,264,8.9,2.9,5,17,6.0,65.5,173,106,7.0,308,74.6,13,0.06,94,,,,,63.6,71.6,0.0,,70.0,60.0,,72.0,,,3,4,334,46.4,19.8,95.4,6.8,21,22,1,8,13,10,3.0,1814,6.9,71.2,66,75,8.2,3.59,3,2,2.5,57.3,43,46,8.5,105,25.4,4,-0.22,27,,,,,29.0,54.1,81.0,,47.1,60.0,,78.3,,,2,1,113,40.0,30.4,78.6,13.3,14,16,0,4,2,5,4.4,458,6.1,0,100.0,39,40,-2.8,1.81,0,0,0.0,97.5,39,3,0.0,41,9.9,0,0.18,8,,,,,79.3,68.2,77.3,,67.5,,,,,,0,0,42,51.2,0.0,115.9,0.0,0,0,0,1,3,0,0.0,233,5.8,-0.76
Brock Purdy,77672,QB,SF,11,-3.71,0,384,28,76.3,279,311,9.4,3.33,3,15,4.6,65.0,202,152,5.2,349,90.9,11,0.08,147,,,,,62.9,85.9,54.9,,82.9,57.7,,76.6,,,7,13,367,51.0,9.2,91.9,4.0,14,24,0,22,20,15,4.1,2367,7.6,78.7,225,246,8.7,3.14,1,11,4.3,68.3,168,116,5.1,275,71.6,9,0.21,115,,,,,68.0,85.9,50.3,,84.3,,,70.6,,,6,5,287,50.5,8.6,105.3,3.6,10,17,0,14,17,9,3.1,1875,7.6,78.8,85,96,6.3,3.43,2,4,3.8,64.6,62,40,7.5,109,28.4,5,-0.24,45,,,,,58.8,73.3,81.2,,69.4,57.7,,77.4,,,1,8,117,51.4,10.0,68.7,3.7,4,8,0,8,5,6,5.1,694,7.2,0,100.0,31,31,-3.9,2.15,0,0,0.0,90.3,28,4,9.7,35,9.1,3,0.13,13,,,,,78.6,65.7,76.9,,66.2,,,58.3,,,0,0,37,48.6,0.0,115.3,0.0,0,1,0,0,2,0,0.0,202,6.5,-0.39
Tyler Shough,83537,QB,NO,11,-13.28,0,378,20,74.6,283,304,9.7,2.78,6,13,4.1,65.1,198,124,6.2,355,93.9,13,-0.02,108,,,,,85.7,74.1,87.6,,72.6,59.0,,64.8,,,3,6,374,43.9,25.0,89.5,8.7,31,20,3,9,10,8,2.1,2217,7.3,77.9,262,279,8.6,2.54,4,12,4.2,69.5,194,98,4.9,316,83.6,10,0.08,100,,,,,83.6,77.2,87.3,,75.6,59.0,,66.1,,,3,6,328,45.3,22.4,93.9,7.0,22,15,3,7,10,7,2.1,2070,7.4,68.2,44,48,8.8,3.53,2,1,1.9,56.3,27,26,10.0,62,16.4,3,-0.4,13,,,,,82.3,57.5,79.2,,57.7,,,58.2,,,0,0,69,37.1,34.6,76.2,14.5,9,5,0,2,0,1,1.4,314,6.5,0,100.0,23,23,-4.4,1.42,0,0,0.0,100.0,23,0,0.0,23,6.1,0,0.26,5,,,,,75.9,70.1,75.2,,69.3,,,,,,0,0,23,43.5,,96.9,0.0,0,0,0,0,0,0,0.0,167,7.3,-0.88
Lamar Jackson,46416,QB,BLT,13,17.72,0,368,3,72.5,247,270,11.3,3.27,6,9,3.1,62.6,169,152,5.6,334,90.8,10,0.05,117,,,,,41.4,74.7,56.0,,69.4,58.9,,79.3,,,5,6,358,48.5,23.0,105.2,10.5,35,29,2,10,19,12,3.4,2383,8.8,70.9,199,221,9.6,3.12,7,7,2.9,58.8,130,111,7.8,269,73.1,11,-0.12,77,,,,,44.2,65.7,52.5,,58.2,,,82.4,,,4,6,291,43.5,25.2,85.8,10.4,28,20,2,9,11,9,3.1,1558,7.0,83.1,77,81,10.0,3.26,1,2,2.4,76.5,62,45,3.1,99,26.9,2,0.41,45,,,,,55.7,87.9,80.6,,88.9,58.9,,56.6,,,1,1,102,60.6,17.8,151.3,8.1,8,10,0,2,10,3,2.9,991,12.2,0,89.7,29,32,-3.3,2.05,2,0,0.0,71.9,23,4,11.5,34,9.2,3,-0.25,5,,,,,78.3,59.1,76.7,,59.9,,,58.3,,,0,1,35,44.1,25.0,91.4,2.9,1,1,0,1,2,0,0.0,166,5.2,5.18
Mac Jones,60323,QB,SF,9,12.68,0,321,28,78.6,252,273,8.5,2.71,6,8,2.8,68.5,187,93,5.6,299,93.1,11,0.07,104,,,,,70.7,76.7,48.1,,75.4,,,66.9,,,4,6,311,51.2,18.3,96.6,5.7,17,9,3,8,13,10,3.2,2013,7.4,77.5,222,239,8.0,2.5,6,7,2.8,66.9,160,72,7.0,258,80.4,12,0.02,86,,,,,67.1,71.3,44.9,,70.3,,,65.1,,,4,6,268,48.8,18.1,90.8,5.0,13,4,3,4,10,10,3.7,1690,7.1,89.6,48,54,6.7,3.3,1,1,1.8,79.6,43,24,0.0,63,19.6,0,0.24,24,,,,,82.0,86.0,79.0,,83.9,,,66.2,,,0,0,66,58.7,16.7,121.1,6.3,4,5,0,5,3,0,0.0,465,8.6,0,94.4,18,20,-2.9,2.0,1,0,0.0,80.0,16,3,5.9,22,6.9,1,0.06,6,,,,,75.9,65.0,75.2,,64.5,,,,,,0,0,23,45.5,0.0,96.3,0.0,0,0,0,1,0,0,0.0,142,7.1,1.54
Michael Penix Jr.,82134,QB,ATL,9,1.2,0,303,2,69.1,223,249,10.2,2.94,3,8,3.0,58.2,145,105,5.8,275,90.8,9,0.02,98,,,,,70.8,58.8,48.1,,57.5,,,66.2,,,9,3,296,47.6,12.4,87.6,4.7,13,13,0,14,8,11,3.7,1870,7.5,70.0,200,222,8.8,2.7,2,7,3.0,59.9,133,88,5.0,244,80.5,7,0.02,83,,,,,67.3,54.4,45.3,,53.3,,,63.8,,,8,2,258,47.5,11.4,87.1,4.1,10,11,0,12,7,10,3.9,1512,6.8,76.6,47,54,8.9,3.28,1,1,1.7,61.1,33,18,8.3,59,19.5,3,0.0,21,,,,,82.2,74.2,79.0,,72.0,,,66.4,,,1,1,67,45.8,16.7,93.9,5.1,3,2,0,5,2,1,1.5,470,8.7,0,91.7,24,27,-4.8,1.59,0,0,0.0,77.8,21,1,4.5,28,9.2,1,-0.06,6,,,,,77.2,64.0,76.0,,63.5,,,,,,0,0,29,42.9,0.0,96.3,0.0,0,0,0,3,1,0,0.0,112,4.1,1.89
Spencer Rattler,97408,QB,NO,9,-4.28,0,292,20,74.1,224,238,9.2,2.71,2,11,4.3,66.0,157,109,5.4,271,92.8,9,-0.12,81,,,,,41.9,69.7,65.2,,65.7,57.1,,76.9,,,1,5,293,48.3,16.5,85.9,6.6,18,15,3,8,8,17,5.8,1505,6.3,75.4,187,198,7.8,2.45,1,8,3.8,68.7,136,86,3.5,222,76.0,5,-0.1,60,,,,,47.6,69.9,62.4,,64.7,58.8,,82.3,,,0,2,239,47.7,17.4,85.8,6.8,15,7,3,7,4,11,4.6,1137,5.7,76.4,55,59,9.9,3.17,1,3,4.8,64.4,38,25,9.5,70,24.0,4,-0.17,23,,,,,45.4,65.6,79.5,,66.8,60.0,,55.3,,,1,3,75,45.7,12.0,88.9,4.3,3,8,0,2,4,6,8.0,449,7.6,0,94.4,18,19,-3.2,1.48,0,0,0.0,89.5,17,2,0.0,21,7.2,0,-0.1,2,,,,,75.4,65.8,74.9,,65.3,,,,,,0,0,21,33.3,0.0,84.4,0.0,0,0,0,1,0,0,0.0,81,4.3,1.87
J.J. McCarthy,144918,QB,MIN,10,-4.45,0,291,18,68.6,191,212,11.5,3.19,10,19,8.3,54.2,115,109,12.2,254,87.3,16,-0.17,80,,,,,30.0,64.2,1.6,,62.5,,,71.6,,,6,12,272,42.9,22.9,69.2,9.8,25,17,0,5,11,14,5.1,1435,6.8,72.2,162,175,9.1,2.93,7,15,8.0,58.9,103,83,12.0,208,71.5,14,-0.13,64,,,,,27.4,61.2,17.2,,60.4,60.0,,64.7,,,4,8,222,43.8,22.9,76.3,9.1,19,13,0,2,8,11,5.0,1216,6.9,67.8,59,68,10.8,3.22,4,4,5.5,54.4,37,32,7.5,83,28.5,3,-0.19,24,,,,,50.6,62.3,0.0,,59.4,,,81.4,,,2,4,88,43.4,25.0,63.1,9.6,8,4,0,3,3,4,4.5,416,6.1,0,86.7,30,31,-2.7,1.83,1,0,0.0,80.6,25,6,3.8,37,12.7,1,0.01,8,,,,,25.9,45.0,77.1,,45.9,60.0,,,,,0,0,38,48.6,33.3,93.1,5.4,2,0,0,0,0,1,2.6,197,6.4,-0.83
Kirk Cousins,7102,QB,ATL,10,7.89,0,289,2,69.4,222,240,8.8,2.71,1,9,3.6,58.8,141,102,8.4,255,88.2,13,-0.05,82,,,,,65.1,77.2,27.0,,76.2,,,66.3,,,3,3,267,43.1,12.7,85.2,5.1,13,2,3,11,9,4,1.5,1549,6.5,70.0,190,204,7.6,2.41,2,6,2.8,59.8,122,80,8.3,222,76.8,11,-0.17,64,,,,,61.0,73.2,23.1,,72.4,,,66.3,,,2,5,231,41.4,13.8,79.2,5.0,11,2,3,7,9,5,2.2,1115,5.5,79.7,59,65,6.9,3.11,0,3,4.3,67.7,44,23,6.4,67,23.2,3,0.29,23,,,,,82.6,76.3,79.3,,74.9,,,,,,1,0,71,50.7,8.7,102.5,3.0,2,0,0,5,1,0,0.0,606,9.3,0,96.3,27,29,-4.0,1.54,1,0,0.0,86.2,25,1,3.8,34,11.8,1,-0.17,5,,,,,78.3,58.3,76.7,,58.2,,,,,,0,2,35,47.1,0.0,74.1,0.0,0,0,0,1,1,1,2.9,172,5.9,3.85
Joe Burrow,28022,QB,CIN,8,6.35,0,288,7,74.3,230,244,8.7,2.83,3,18,7.0,66.0,161,84,5.8,271,94.1,10,0.07,99,,,,,90.6,92.3,86.6,,91.7,,,59.0,,,3,5,285,50.2,20.2,101.3,6.3,17,9,0,8,17,2,0.7,1733,7.1,73.7,205,216,8.6,2.72,1,17,7.6,65.7,142,75,6.0,240,83.3,9,0.1,89,,,,,90.4,92.8,86.3,,92.2,,,60.3,,,2,5,251,49.6,18.7,101.6,5.8,14,8,0,8,16,2,0.8,1538,7.1,84.2,38,43,5.4,2.94,2,1,2.1,72.1,31,11,3.1,48,16.7,1,-0.14,12,,,,,80.6,65.9,78.1,,66.0,,,58.3,,,1,0,52,47.9,27.3,96.2,6.3,3,1,0,2,1,0,0.0,271,6.3,0,92.3,13,15,-2.8,1.68,0,0,0.0,80.0,12,2,0.0,17,5.9,0,-0.14,2,,,,,74.5,57.7,74.3,,57.7,,,,,,0,0,18,35.3,0.0,87.8,0.0,0,0,0,2,0,0,0.0,76,5.1,-0.82
Marcus Mariota,9435,QB,WAS,10,9.83,0,262,32,67.2,186,200,12.4,3.03,0,17,7.8,59.0,118,84,5.6,233,88.9,7,0.0,81,,,,,28.5,71.9,86.8,,72.7,,,56.4,,,1,6,255,47.6,19.0,86.7,6.9,16,17,2,11,9,12,4.7,1581,7.9,65.7,134,144,10.9,2.83,1,12,7.6,57.6,83,57,5.7,168,64.1,5,-0.17,48,,,,,25.7,62.8,86.2,,63.9,,,53.6,,,1,5,184,42.9,19.3,80.5,6.5,11,13,2,6,8,10,5.4,911,6.3,79.7,74,83,10.2,3.01,2,5,5.6,67.5,56,31,5.1,94,35.9,3,0.25,37,,,,,84.9,82.8,80.6,,80.5,,,66.3,,,0,2,101,55.3,16.1,95.7,5.3,5,5,0,7,2,2,2.0,784,9.4,0,100.0,22,27,-4.1,1.77,3,0,0.0,77.8,21,4,4.5,29,11.1,1,-0.14,4,,,,,77.4,60.3,76.1,,61.3,,,58.3,,,0,1,30,44.8,0.0,81.2,0.0,0,1,0,2,1,0,0.0,114,4.2,3.12
Justin Fields,82118,QB,NYJ,9,-4.66,0,260,22,75.5,163,187,8.4,3.19,9,6,3.0,61.0,114,112,7.3,240,92.3,9,-0.13,63,,,,,41.3,67.8,65.8,,66.1,55.2,,65.8,,,5,1,254,42.5,22.3,86.8,10.4,25,28,2,8,6,7,2.8,1142,6.1,77.0,148,165,7.0,2.96,6,6,3.4,63.6,105,87,7.9,205,78.8,9,-0.11,51,,,,,49.4,68.2,63.9,,66.9,,,64.7,,,5,0,216,42.0,24.1,92.5,10.2,21,18,2,4,6,5,2.3,1002,6.1,74.2,31,39,8.1,3.55,4,0,0.0,59.0,23,29,0.0,55,21.2,0,-0.2,16,,,,,37.6,60.9,78.8,,58.8,55.2,,65.0,,,0,1,60,45.5,20.7,76.5,10.9,6,10,0,4,1,2,3.3,257,6.6,0,87.5,16,17,-4.5,1.85,1,0,0.0,82.4,14,4,0.0,20,7.7,0,-0.16,4,,,,,75.6,58.0,75.0,,57.9,,,,,,0,0,22,45.0,50.0,115.0,10.0,2,0,0,0,1,0,0.0,117,6.9,0.52
Shedeur Sanders,131396,QB,CLV,8,-6.55,0,255,8,66.0,156,180,9.7,3.48,2,10,5.4,53.3,96,117,6.8,220,86.3,7,-0.31,52,,,,,42.5,42.7,11.7,,40.6,,,67.9,,,6,10,228,36.4,18.8,61.0,10.0,22,18,0,16,6,15,6.6,1146,6.4,71.1,135,156,8.1,3.22,3,8,5.0,58.3,91,101,5.2,193,75.7,5,-0.24,46,,,,,36.1,52.6,6.5,,51.8,,,65.5,,,5,5,198,36.8,21.8,78.3,11.4,22,13,0,13,6,8,4.0,1055,6.8,66.0,47,56,6.4,3.57,1,2,3.3,51.8,29,30,6.5,62,24.3,2,-0.41,14,,,,,82.2,30.4,79.0,,29.2,,,66.9,,,4,5,67,35.5,3.3,39.7,1.6,1,5,0,4,1,7,10.4,345,6.2,0,92.3,26,32,-4.5,2.22,2,0,0.0,75.0,24,14,0.0,35,13.7,0,-0.09,8,,,,,78.6,60.8,76.9,,60.5,,,,,,3,0,37,37.1,7.1,108.1,2.9,1,0,0,1,1,0,0.0,254,7.9,-0.6
Jayden Daniels,97993,QB,WAS,7,-11.81,0,244,32,74.1,147,166,9.5,3.21,5,10,5.5,57.2,95,95,12.8,221,90.6,14,0.03,66,,,,,48.5,75.9,85.8,,75.0,,,65.6,,,0,2,241,46.6,17.9,90.0,7.7,17,38,2,12,8,7,2.9,1163,7.0,75.7,136,149,7.7,2.92,2,9,5.6,63.1,94,77,8.7,188,77.0,9,-0.03,53,,,,,42.2,71.9,85.4,,73.3,,,57.2,,,0,2,203,45.7,20.8,92.7,8.5,16,23,2,9,7,7,3.4,1001,6.7,78.1,32,39,8.4,3.53,3,1,2.3,51.3,20,20,20.0,56,23.0,5,0.06,16,,,,,81.7,75.9,78.8,,68.6,,,77.8,,,0,1,63,50.0,10.0,70.6,3.6,2,15,0,4,1,1,1.6,261,6.7,0,90.5,21,22,-3.5,1.57,0,0,0.0,86.4,19,2,0.0,23,9.4,0,-0.33,3,,,,,76.3,57.4,75.5,,57.4,,,,,,0,1,25,47.8,50.0,66.5,4.3,1,0,0,1,0,1,4.0,99,4.5,-0.03
Dillon Gabriel,86272,QB,CLV,10,2.63,0,217,8,67.1,152,164,7.7,2.86,3,3,1.7,56.7,93,85,8.8,194,89.4,9,-0.22,44,,,,,90.1,47.9,2.9,,48.6,60.0,,58.8,,,3,2,209,35.1,22.4,80.2,9.8,19,11,1,5,7,10,4.8,855,5.2,68.6,137,146,6.7,2.72,2,3,1.9,58.9,86,69,8.5,172,79.3,8,-0.25,39,,,,,89.6,46.8,0.0,,47.1,60.0,,61.3,,,3,2,185,33.7,21.7,72.6,8.7,15,10,1,3,3,8,4.3,711,4.9,71.4,35,39,5.2,2.86,2,0,0.0,61.5,24,19,4.0,45,20.7,1,-0.03,10,,,,,80.0,61.3,77.7,,62.5,,,54.6,,,0,0,47,37.8,21.1,111.7,8.9,4,1,0,2,4,2,4.3,226,5.8,0,85.0,20,21,-3.4,1.87,1,0,0.0,81.0,17,3,0.0,23,10.6,0,-0.12,5,,,,,75.9,63.0,75.2,,62.6,,,,,,0,0,23,30.4,0.0,82.9,0.0,0,0,0,0,0,0,0.0,82,3.9,0.92
Carson Wentz,10636,QB,MIN,5,-6.53,0,199,18,69.8,139,150,10.1,2.79,2,3,1.9,62.0,93,74,4.1,177,88.9,4,0.0,59,,,,,57.1,51.5,50.8,,50.9,59.3,,64.5,,,2,5,187,47.5,25.7,85.0,10.7,19,8,1,6,6,8,4.3,1146,7.6,72.8,114,121,8.7,2.6,1,2,1.6,66.9,81,60,2.4,146,73.4,2,-0.03,44,,,,,51.3,54.6,46.6,,53.5,58.4,,66.6,,,2,4,154,47.3,26.7,84.7,11.0,16,7,1,3,4,6,3.9,858,7.1,72.1,43,48,7.7,2.84,1,1,2.0,60.4,29,18,6.5,53,26.6,2,0.01,17,,,,,34.9,45.0,78.5,,46.7,59.3,,54.6,,,0,1,56,45.3,16.7,88.7,5.7,3,2,0,4,2,2,3.6,358,7.5,0,94.4,18,19,-4.1,1.6,0,0,0.0,89.5,17,4,0.0,22,11.1,0,-0.18,2,,,,,24.3,49.0,75.3,,50.5,58.4,,58.3,,,0,0,23,40.9,0.0,82.0,0.0,0,1,0,1,0,0,0.0,70,3.7,0.37
Kyler Murray,38334,QB,ARZ,5,2.87,0,195,1,74.4,125,136,8.1,3.08,6,4,2.7,64.7,88,66,5.4,168,86.2,5,0.05,55,,,,,89.9,72.0,52.3,,69.5,,,70.5,,,1,3,182,46.4,24.2,85.3,9.5,16,16,0,4,5,3,1.6,856,6.3,76.1,117,127,6.2,2.62,6,3,2.2,67.7,86,45,3.4,146,74.9,3,0.1,48,,,,,89.1,69.7,49.8,,69.1,,,63.6,,,0,3,160,47.9,20.0,85.7,6.2,9,10,0,4,5,3,1.9,729,5.7,87.1,31,34,7.0,3.79,1,1,2.8,70.6,24,22,11.1,49,25.1,3,-0.07,11,,,,,80.5,73.4,78.0,,65.9,,,79.9,,,1,0,51,40.8,31.8,99.3,14.3,7,7,0,1,1,0,0.0,233,6.9,0,100.0,23,25,-3.0,1.87,1,0,0.0,88.0,22,1,4.3,27,13.8,1,0.09,4,,,,,77.2,66.3,76.0,,64.1,,,62.6,,,0,0,29,44.4,0.0,97.7,0.0,0,1,0,1,1,0,0.0,106,4.2,1.11
Brady Cook,124199,QB,NYJ,5,0.69,0,179,22,65.9,123,133,7.5,2.89,4,1,0.7,54.1,72,47,11.1,159,88.8,9,-0.52,32,,,,,33.6,33.3,84.5,,33.6,,,50.4,,,1,7,162,30.2,40.4,51.1,11.9,19,7,0,5,2,12,7.4,665,5.0,67.2,116,122,6.5,2.58,4,1,0.8,57.4,70,35,10.3,143,79.9,8,-0.51,27,,,,,51.3,34.6,84.3,,35.6,,,46.0,,,0,6,148,30.1,45.7,51.6,11.2,16,5,0,2,1,10,6.8,569,4.7,76.9,26,31,3.0,3.23,1,0,0.0,58.1,18,14,10.0,36,20.1,2,-0.39,9,,,,,27.4,39.3,76.8,,37.3,,,66.4,,,1,1,36,38.9,21.4,70.6,8.3,3,2,0,3,1,3,8.3,170,5.5,0,89.5,19,20,-4.4,1.33,1,0,0.0,80.0,16,2,5.9,20,11.2,1,-0.2,4,,,,,75.6,44.0,75.0,,44.8,,,,,,0,0,22,45.0,0.0,82.1,0.0,0,0,0,0,0,1,4.5,74,3.7,0.82
Davis Mills,52269,QB,HST,6,0.87,0,174,13,66.7,141,151,9.7,2.6,1,7,4.5,55.6,84,53,10.6,166,95.4,10,-0.11,49,,,,,56.2,63.7,0.0,,67.4,58.9,,43.6,,,3,1,173,42.2,15.1,80.9,4.8,8,7,0,6,5,8,4.6,876,5.8,68.1,113,121,8.0,2.42,0,6,4.8,57.0,69,40,10.4,132,75.9,8,-0.18,32,,,,,49.0,62.5,0.0,,67.5,,,38.7,,,2,1,138,40.2,17.5,77.5,5.3,7,4,0,6,3,5,3.6,669,5.5,68.6,35,38,12.5,2.96,1,1,2.4,57.9,22,14,8.3,42,24.1,2,0.11,18,,,,,79.8,65.7,77.7,,64.7,58.9,,63.5,,,1,0,45,50.0,7.1,94.8,2.4,1,3,0,1,2,3,6.7,246,6.5,0,100.0,7,8,-3.3,1.45,0,0,0.0,87.5,7,1,0.0,8,4.6,0,-0.04,1,,,,,71.4,64.8,72.3,,64.3,,,,,,0,0,10,50.0,0.0,87.0,0.0,0,0,0,1,0,0,0.0,39,4.9,0.94
Tyrod Taylor,6332,QB,NYJ,6,7.05,0,170,22,73.0,111,123,10.4,3.33,5,2,1.6,58.5,72,70,11.1,157,92.4,9,-0.09,49,,,,,88.8,59.7,84.0,,57.7,,,64.0,,,1,5,164,44.6,20.0,73.1,8.9,14,20,1,5,5,7,4.3,755,6.1,75.0,96,108,8.8,3.03,6,2,1.8,58.3,63,61,12.5,138,81.2,9,-0.15,41,,,,,87.9,64.5,83.7,,61.2,,,69.4,,,1,4,145,40.6,23.0,70.0,10.1,14,16,1,4,4,4,2.8,581,5.4,75.0,24,26,11.2,4.11,0,0,0.0,65.4,17,10,5.6,32,18.8,1,0.0,9,,,,,77.9,48.2,76.5,,49.5,,,55.0,,,0,1,33,53.1,0.0,85.1,0.0,0,6,0,2,1,3,9.1,198,7.6,0,100.0,9,11,-3.7,2.1,1,0,0.0,72.7,8,1,11.1,13,7.6,1,-0.5,1,,,,,73.2,68.0,73.5,,63.5,,,66.4,,,0,0,14,23.1,0.0,75.2,0.0,0,2,0,1,0,0,0.0,24,2.2,2.24
Russell Wilson,7077,QB,NYG,6,22.81,0,141,21,73.6,87,108,11.4,2.84,3,8,6.7,54.6,59,54,7.8,130,92.2,5,-0.15,33,,,,,27.2,63.1,83.5,,63.3,,,56.5,,,4,3,141,41.5,18.5,75.8,7.7,10,12,0,14,3,7,5.0,792,7.3,70.1,77,94,11.2,2.7,3,7,6.8,53.2,50,47,7.4,112,79.4,4,-0.28,26,,,,,25.8,58.4,83.1,,57.1,,,60.9,,,3,3,121,36.6,17.0,69.0,7.1,8,10,0,11,3,7,5.8,570,6.1,95.2,21,25,4.0,2.99,0,1,3.7,76.0,19,8,5.0,29,20.6,1,0.26,10,,,,,77.6,77.6,76.3,,81.1,,,49.4,,,1,0,31,58.6,25.0,108.9,6.9,2,2,0,3,0,0,0.0,261,10.4,0,90.9,11,11,-3.8,1.82,0,0,0.0,90.9,10,1,0.0,11,7.8,0,-0.38,3,,,,,71.9,62.7,72.6,,62.3,,,,,,0,0,11,36.4,0.0,81.4,0.0,0,0,0,0,0,0,0.0,39,3.5,4.38
Jake Browning,46401,QB,CIN,5,2.46,0,138,7,65.0,100,108,9.7,2.98,2,5,4.2,59.3,64,56,1.5,121,87.7,1,-0.33,32,,,,,64.5,49.9,38.4,,49.5,,,62.2,,,0,8,133,35.5,16.1,65.6,7.4,9,4,0,6,6,9,6.8,687,6.4,69.7,89,95,8.0,2.72,2,4,3.9,64.2,61,43,1.6,107,77.5,1,-0.43,25,,,,,86.6,55.3,34.9,,54.9,,,62.2,,,0,6,117,36.4,18.6,72.7,7.5,8,4,0,4,5,6,5.1,591,6.2,71.4,28,30,7.7,3.05,0,1,3.1,66.7,20,13,0.0,31,22.5,0,-0.23,10,,,,,26.9,46.4,76.5,,47.3,,,,,,0,2,33,38.7,7.7,66.0,3.2,1,0,0,2,1,3,9.1,180,6.0,0,100.0,17,17,-2.5,1.51,0,0,0.0,100.0,17,0,0.0,17,12.3,0,-0.76,3,,,,,74.2,69.3,74.1,,68.5,,,,,,0,0,17,47.1,,87.3,0.0,0,0,0,0,0,0,0.0,84,4.9,-0.22
Quinn Ewers,127253,QB,MIA,4,3.98,0,98,17,62.5,64,67,11.7,2.75,1,2,2.9,59.7,40,27,0.0,79,80.6,0,-0.03,26,,,,,27.4,36.0,29.8,,36.8,,,55.1,,,0,3,80,44.3,29.6,80.9,10.1,8,3,0,2,3,5,6.3,527,7.9,66.7,45,45,9.2,2.3,0,2,4.3,64.4,29,21,3.3,57,58.2,1,-0.04,13,,,,,39.7,37.6,22.7,,39.9,,,46.8,,,0,2,58,38.6,33.3,82.8,12.3,7,2,0,0,2,4,6.9,332,7.4,74.3,35,38,8.3,2.95,1,0,0.0,68.4,26,10,0.0,41,41.8,0,-0.04,17,,,,,28.9,50.1,77.4,,48.3,,,65.6,,,0,1,43,46.3,10.0,88.7,2.4,1,1,0,2,1,1,2.3,290,7.6,0,100.0,16,16,-3.0,1.82,0,0,0.0,93.8,15,4,6.3,19,19.4,1,-0.09,4,,,,,75.4,65.3,74.9,,64.8,,,,,,0,0,21,31.6,0.0,91.4,0.0,0,0,0,0,0,0,0.0,95,5.9,0.25
Philip Rivers,1725,QB,IND,3,4.33,0,97,14,64.1,78,81,9.6,2.46,1,3,3.5,60.5,49,26,2.0,86,88.7,1,-0.17,26,,,,,51.7,49.8,82.5,,49.3,,,59.6,,,0,3,90,47.7,19.2,80.0,5.8,5,0,0,2,4,5,5.6,514,6.3,67.1,73,77,7.9,2.24,1,3,3.7,62.3,48,23,2.0,79,81.4,1,-0.22,25,,,,,49.6,54.0,82.3,,53.3,,,59.6,,,0,3,84,46.8,8.7,75.3,2.5,2,0,0,3,3,3,3.6,453,5.9,71.4,14,15,10.3,2.81,1,0,0.0,66.7,10,4,0.0,18,18.6,0,-0.04,5,,,,,74.5,46.2,74.3,,47.1,,,,,,0,0,18,44.4,75.0,105.1,16.7,3,0,0,0,1,2,11.1,91,6.1,0,100.0,9,11,-3.6,1.47,1,0,0.0,81.8,9,1,0.0,11,11.3,0,-0.25,4,,,,,72.4,63.8,72.9,,63.4,,,,,,0,0,12,36.4,0.0,79.2,0.0,0,0,0,1,0,0,0.0,30,2.7,0.19
Max Brosmer,105568,QB,MIN,6,-1.96,0,87,18,68.5,54,58,6.5,2.86,0,2,3.2,60.3,35,31,5.4,72,82.8,2,-0.7,15,,,,,42.3,28.2,82.5,,27.4,,,62.3,,,2,4,78,34.7,38.7,42.4,16.7,12,2,0,2,0,5,6.4,261,4.5,73.6,53,54,4.8,2.64,0,2,3.4,66.7,36,26,7.7,68,78.2,3,-0.71,12,,,,,40.1,38.5,82.4,,35.8,,,65.2,,,0,3,73,29.4,50.0,53.5,19.1,13,1,0,1,0,4,5.5,246,4.6,78.6,14,17,2.2,3.02,0,0,0.0,64.7,11,8,0.0,19,21.8,0,-0.54,7,,,,,23.1,21.8,74.7,,22.9,,,58.3,,,2,1,20,47.4,12.5,51.6,5.3,1,1,0,1,0,2,10.0,82,4.8,0,100.0,13,13,-5.0,2.02,0,0,0.0,92.3,12,3,7.7,15,17.2,1,-0.5,4,,,,,21.2,44.3,73.7,,45.1,,,,,,0,0,15,26.7,66.7,88.1,13.3,2,0,0,0,0,1,6.7,67,5.2,0.26
Tyler Huntley,46448,QB,BLT,4,4.78,0,82,3,82.8,58,61,7.2,2.83,1,1,1.6,75.4,46,37,4.2,76,92.7,2,0.12,24,,,,,85.3,79.0,83.2,,68.3,,,86.5,,,0,0,79,50.0,21.6,103.7,10.5,8,7,1,1,2,1,1.3,408,6.7,83.3,48,51,5.7,2.58,1,1,1.9,76.5,39,27,2.5,61,74.4,1,0.02,18,,,,,84.2,75.3,82.9,,62.8,,,86.6,,,0,0,64,47.5,18.5,97.1,8.2,5,5,1,1,1,1,1.6,303,5.9,87.5,16,16,7.5,3.18,0,0,0.0,81.3,13,10,7.1,21,25.6,1,0.19,6,,,,,75.4,79.8,74.9,,77.7,,,64.2,,,0,0,21,52.4,30.0,119.5,14.3,3,2,0,0,1,0,0.0,123,7.7,0,100.0,6,6,-4.0,1.55,0,0,0.0,100.0,6,0,0.0,6,7.3,0,-0.63,0,,,,,68.9,65.7,70.6,,65.1,,,,,,0,0,6,33.3,,79.2,0.0,0,0,0,0,0,0,0.0,18,3.0,1.75
Riley Leonard,143862,QB,IND,5,-4.57,0,73,14,65.5,58,63,10.1,2.85,1,6,8.7,55.6,35,28,7.9,68,93.2,3,-0.18,20,,,,,47.0,65.4,81.4,,61.7,,,74.0,,,1,3,74,35.3,7.1,65.2,2.9,2,3,0,3,2,6,8.1,395,6.3,63.0,46,47,8.3,2.52,1,4,7.8,59.6,28,16,3.4,49,67.1,1,-0.18,15,,,,,81.3,63.2,80.7,,60.5,,,68.0,,,0,3,53,36.7,6.3,64.1,2.0,1,1,0,0,2,5,9.4,280,6.0,81.3,16,20,11.8,3.15,0,2,9.1,55.0,11,12,15.4,24,32.9,2,-0.19,6,,,,,24.9,67.7,75.6,,63.6,,,69.8,,,1,0,26,29.2,8.3,76.0,4.2,1,2,0,3,0,1,3.8,135,6.8,0,100.0,4,4,-2.8,1.04,0,0,0.0,100.0,4,0,0.0,5,6.8,0,-0.27,1,,,,,68.0,62.1,69.9,,61.8,,,,,,0,0,5,20.0,,87.5,0.0,0,0,0,0,0,0,0.0,20,5.0,0.79
Jameis Winston,9434,QB,NYG,3,-12.21,0,70,21,62.5,56,62,11.2,2.95,1,5,7.5,53.2,33,25,5.7,66,94.3,2,0.22,23,,,,64.7,83.4,73.9,25.9,,65.9,99.3,,72.2,,,1,2,71,43.9,12.0,77.6,4.5,3,1,0,4,2,5,7.0,504,8.1,68.2,44,47,9.1,2.74,1,4,7.7,59.6,28,18,6.7,51,72.9,2,0.42,19,,,,,81.9,74.6,20.1,,72.2,,,72.2,,,0,1,56,47.1,16.7,83.6,5.9,3,1,0,2,1,3,5.4,380,8.1,56.3,16,19,12.9,3.33,0,1,5.0,47.4,9,8,0.0,19,27.1,0,0.13,7,,,,64.7,75.3,66.3,74.9,,52.0,99.3,,,,,1,1,20,42.1,0.0,78.2,0.0,0,0,0,2,1,2,10.0,187,9.8,0,100.0,4,4,-4.3,2.03,0,0,0.0,100.0,4,1,0.0,4,5.7,0,2.32,3,,,,,68.0,64.5,69.9,,64.1,,,,,,0,0,5,75.0,0.0,118.8,0.0,0,0,0,0,0,0,0.0,63,15.8,1.75
Trey Lance,91399,QB,LAC,4,2.94,0,70,27,55.8,43,52,11.0,2.85,0,1,1.9,42.3,22,26,8.3,65,92.9,2,-0.57,12,,,,,48.9,34.6,0.3,,29.7,,,66.5,,,3,1,67,29.2,23.1,45.9,9.2,6,7,4,2,0,4,6.0,207,4.0,60.5,43,51,10.1,2.73,0,1,1.9,47.1,24,21,7.7,61,87.1,2,-0.49,11,,,,,83.1,39.0,0.0,,36.1,,,62.6,,,3,1,62,29.5,19.0,50.4,6.6,4,6,4,1,0,3,4.8,212,4.2,60.0,5,6,7.4,3.06,0,0,0.0,50.0,3,5,0.0,9,12.9,0,-0.92,2,,,,,18.9,37.8,72.3,,29.9,,,65.6,,,0,0,10,33.3,40.0,56.3,22.2,2,1,0,1,0,1,10.0,14,2.3,0,100.0,5,5,-0.8,1.78,0,0,0.0,100.0,5,0,0.0,5,7.1,0,-0.19,1,,,,,68.0,65.1,69.9,,64.6,,,,,,0,0,5,40.0,,82.5,0.0,0,0,0,0,0,0,0.0,19,3.8,-1.83
Chris Oladokun,40364,QB,KC,3,-22.95,0,67,16,73.0,37,44,7.6,3.43,3,0,0.0,56.8,25,26,7.4,56,83.6,2,-0.5,10,,,,,17.2,37.8,80.7,,42.0,,,39.5,,,1,0,60,32.1,30.8,77.0,14.3,8,4,1,2,1,5,8.3,211,4.8,77.3,44,46,5.2,3.03,0,0,0.0,67.4,31,21,8.8,56,83.6,3,-0.53,10,,,,,17.1,40.0,80.6,,44.0,,,39.9,,,1,0,59,30.4,33.3,84.8,12.5,7,3,1,0,1,5,8.5,213,4.6,100.0,4,9,2.8,3.57,3,0,0.0,44.4,4,5,0.0,11,16.4,0,-0.31,0,,,,,72.4,57.4,72.9,,59.2,,,58.3,,,0,0,12,27.3,20.0,51.6,9.1,1,1,0,2,0,0,0.0,22,2.4,0,100.0,11,11,-3.7,1.53,0,0,0.0,90.9,10,0,9.1,11,16.4,1,-0.46,0,,,,,71.9,67.7,72.6,,67.0,,,,,,0,0,11,18.2,,79.2,0.0,0,0,0,0,0,0,0.0,24,2.2,-2.19
Josh Johnson,4474,QB,WAS,3,-18.42,0,64,32,65.9,41,47,8.2,3.02,0,0,0.0,57.4,27,22,0.0,57,89.1,0,0.02,22,,,,,25.8,51.6,81.8,,54.1,,,47.3,,,1,2,65,50.9,9.1,64.9,3.5,2,8,2,3,1,2,3.1,289,6.1,72.2,36,38,6.6,2.64,0,0,0.0,68.4,26,12,0.0,44,68.8,0,0.04,18,,,,,23.8,55.4,81.3,,60.8,,,38.3,,,0,1,50,54.5,16.7,75.5,4.5,2,4,2,0,0,1,2.0,250,6.6,66.7,12,16,6.3,3.5,0,0,0.0,50.0,8,10,0.0,20,31.3,0,0.13,7,,,,,75.6,51.4,75.0,,47.3,,,66.7,,,1,1,22,45.0,0.0,70.3,0.0,0,4,0,3,1,1,4.5,122,7.6,0,100.0,7,7,-3.1,1.94,0,0,0.0,100.0,7,0,0.0,7,10.9,0,0.39,3,,,,,69.6,66.4,71.1,,65.8,,,,,,0,0,7,57.1,,116.1,0.0,0,0,0,0,0,0,0.0,83,11.9,1.05
Mason Rudolph,46569,QB,PIT,5,-29.07,0,57,25,75.7,37,42,7.8,2.96,2,0,0.0,66.7,28,10,0.0,45,78.9,0,-0.17,13,,,,,35.9,50.5,6.2,,47.7,,,69.1,,,0,2,49,46.7,20.0,75.5,4.4,2,1,0,3,2,4,8.2,220,5.2,85.0,40,43,4.4,2.41,1,0,0.0,79.1,34,5,0.0,44,77.2,0,0.35,15,,,,,81.2,66.3,5.6,,63.0,,,74.2,,,0,0,48,54.5,0.0,105.5,0.0,0,0,0,2,2,1,2.1,241,5.6,62.5,8,10,8.3,3.62,1,0,0.0,50.0,5,5,0.0,13,22.8,0,-1.02,3,,,,,20.3,26.7,73.2,,27.9,,,56.8,,,0,2,13,38.5,40.0,33.8,15.4,2,1,0,1,0,3,23.1,71,7.1,0,100.0,11,11,-4.3,1.63,0,0,0.0,100.0,11,0,0.0,12,21.1,0,0.82,5,,,,,72.4,65.3,72.9,,64.8,,,,,,0,0,12,66.7,,101.5,0.0,0,0,0,0,0,0,0.0,92,8.4,1.5
Kenny Pickett,60515,QB,LV,6,1.87,0,56,23,73.7,38,41,7.2,2.95,1,1,2.4,58.5,24,22,14.3,52,92.9,4,-0.51,11,,,,,36.6,47.2,79.5,,45.9,,,60.4,,,1,2,54,28.8,36.4,57.7,15.4,8,3,1,0,1,3,5.6,187,4.6,77.4,31,34,6.1,2.84,1,1,2.9,61.8,21,18,12.5,42,75.0,3,-0.58,8,,,,,29.8,48.3,79.0,,48.1,,,57.3,,,1,2,44,26.2,33.3,58.3,14.3,6,2,1,0,1,3,6.8,159,4.7,72.7,11,11,6.0,2.89,0,0,0.0,63.6,7,4,12.5,14,25.0,1,-0.4,3,,,,,73.2,55.0,73.5,,52.3,,,62.6,,,0,0,14,28.6,50.0,67.6,14.3,2,1,0,0,0,0,0.0,29,2.6,0,100.0,4,4,-4.5,1.65,0,0,0.0,100.0,4,0,0.0,4,7.1,0,-0.8,0,,,,,66.9,64.7,69.2,,64.2,,,,,,0,0,4,0.0,,79.2,0.0,0,0,0,0,0,0,0.0,1,0.3,-2.04
Cooper Rush,12324,QB,BLT,3,-13.75,0,53,3,72.7,44,47,7.6,2.66,0,1,2.0,63.8,30,17,6.3,48,90.6,2,-0.45,13,,,,,81.1,59.7,81.1,,60.2,,,52.9,,,2,4,52,41.7,5.9,45.8,2.1,1,0,0,1,0,3,5.8,293,6.2,74.4,39,41,5.8,2.5,0,0,0.0,68.3,28,16,3.4,42,79.2,1,-0.41,10,,,,,80.2,59.3,80.9,,60.0,,,52.9,,,1,2,44,40.5,6.3,60.5,2.4,1,0,0,1,0,2,4.5,215,5.2,70.0,10,11,9.3,2.82,0,1,8.3,54.5,6,2,14.3,11,20.8,1,-0.78,3,,,,,72.8,59.6,73.2,,59.5,,,,,,1,2,13,36.4,0.0,41.3,0.0,0,0,0,0,0,1,7.7,88,8.0,0,80.0,5,5,-3.2,1.66,0,0,0.0,80.0,4,1,0.0,5,9.4,0,-0.85,0,,,,,68.0,57.7,69.9,,57.8,,,,,,0,0,5,20.0,0.0,79.2,0.0,0,0,0,0,0,0,0.0,10,2.0,2.76
Tanner McKee,131770,QB,PHI,2,19.23,0,49,24,70.6,34,41,10.6,2.99,0,0,0.0,53.7,22,20,8.3,47,95.9,2,-0.19,16,,,,,81.0,60.8,80.1,,60.3,,,58.8,,,1,1,48,48.9,15.0,71.5,6.4,3,3,0,6,1,1,2.1,263,6.4,65.4,26,30,9.8,2.57,0,0,0.0,50.0,15,12,11.8,33,67.3,2,-0.38,9,,,,,79.2,51.7,79.4,,48.4,,,66.8,,,1,1,34,45.5,16.7,58.3,6.1,2,1,0,3,1,1,2.9,125,4.2,90.0,10,13,9.5,3.69,0,0,0.0,69.2,9,8,0.0,16,32.7,0,0.24,8,,,,,73.9,77.2,73.9,,81.4,,,51.5,,,0,0,16,56.3,12.5,107.5,6.3,1,2,0,3,0,0,0.0,149,11.5,0,100.0,2,2,-6.5,1.6,0,0,0.0,100.0,2,0,0.0,2,4.1,0,0.0,1,,,,,63.6,62.6,66.9,,62.2,,,,,,0,0,2,50.0,,89.6,0.0,0,0,0,0,0,0,0.0,11,5.5,7.29
Andy Dalton,6187,QB,CAR,3,-20.97,0,48,5,72.7,33,35,10.2,2.71,0,1,2.8,68.6,24,18,0.0,44,91.7,0,-0.07,17,,,,,23.2,61.6,80.3,,66.3,,,35.1,,,0,0,46,50.0,44.4,103.0,18.2,8,1,0,2,1,3,6.5,288,8.2,71.0,31,31,9.1,2.34,0,1,3.2,71.0,22,13,0.0,41,85.4,0,-0.18,15,,,,,22.6,58.0,80.2,,63.2,,,35.1,,,0,1,42,51.2,53.8,92.5,17.1,7,1,0,0,1,3,7.1,253,8.2,75.0,4,6,12.8,3.61,0,0,0.0,50.0,3,5,0.0,7,14.6,0,-0.46,2,,,,,70.3,47.8,71.5,,48.6,,,,,,0,0,8,42.9,20.0,71.5,14.3,1,0,0,2,0,1,12.5,40,6.7,0,50.0,2,2,-2.5,0.58,0,0,0.0,50.0,1,0,0.0,4,8.3,0,-1.95,0,,,,,66.9,26.3,69.2,,27.5,,,,,,0,1,4,50.0,,16.7,0.0,0,0,0,0,0,1,25.0,5,2.5,-1.49
Malik Willis,60341,QB,GB,4,10.49,0,47,12,93.1,29,30,12.0,3.53,0,3,9.7,83.3,25,22,7.4,42,89.4,2,0.8,22,,,,,39.2,92.5,80.3,,91.1,,,80.3,,,1,0,44,76.2,13.6,152.1,7.1,3,9,0,0,3,0,0.0,406,13.5,90.9,22,22,9.5,2.65,0,3,13.0,81.8,18,12,10.0,28,59.6,2,0.57,12,,,,,29.7,91.1,79.7,,89.5,,,77.2,,,0,0,29,60.7,16.7,146.4,7.1,2,4,0,0,2,0,0.0,261,11.9,100.0,12,13,10.1,4.32,0,0,0.0,92.3,12,11,0.0,19,40.4,0,0.85,11,,,,,75.1,86.1,74.7,,81.8,,,72.3,,,1,0,20,84.2,9.1,143.9,5.3,1,5,0,0,1,0,0.0,161,12.4,0,100.0,5,5,-3.4,1.6,0,0,0.0,100.0,5,1,0.0,5,10.6,0,-0.3,1,,,,,68.0,65.3,69.9,,64.7,,,,,,0,0,5,20.0,0.0,80.0,0.0,0,0,0,0,0,0,0.0,16,3.2,0.52
Jarrett Stidham,13725,QB,DEN,1,2.98,0,37,10,77.3,22,26,8.7,3.39,0,1,3.8,53.8,14,19,17.6,31,83.8,3,-0.55,8,,,,,25.0,46.1,78.4,,46.3,,,55.8,,,1,1,31,35.5,15.8,64.3,9.7,3,2,0,3,1,2,6.5,128,4.9,72.7,22,24,7.9,3.08,0,1,4.2,54.2,13,14,18.8,30,81.1,3,-0.59,6,,,,,24.7,41.3,78.3,,41.7,,,53.6,,,1,1,30,30.0,21.4,51.0,10.0,3,3,0,1,0,2,6.7,122,5.1,80.0,5,7,0.6,3.44,0,0,0.0,57.1,4,5,0.0,7,18.9,0,-0.61,2,,,,,69.6,68.8,71.1,,68.0,,,,,,0,0,7,28.6,0.0,101.8,0.0,0,0,0,2,1,0,0.0,11,1.6,0,60.0,5,5,-3.0,1.9,0,0,0.0,60.0,3,0,0.0,6,16.2,0,-0.81,0,,,,,68.9,54.5,70.6,,57.8,,,57.9,,,0,0,6,0.0,,64.6,0.0,0,1,0,0,0,0,0.0,5,1.0,-3.51
Mitch Trubisky,11757,QB,BUF,4,39.47,0,37,4,78.8,33,34,8.1,2.85,0,2,5.6,73.5,25,3,3.8,36,97.3,1,0.78,19,,,,,80.2,79.9,80.8,,77.7,,,66.6,,,0,0,38,63.9,0.0,140.9,0.0,0,2,0,1,4,1,2.6,313,9.2,66.7,15,16,7.0,2.33,0,1,5.9,50.0,8,0,20.0,16,43.2,2,0.48,4,,,,,76.8,67.4,80.0,,65.6,,,61.9,,,0,0,17,43.8,,70.8,0.0,0,0,0,1,0,0,0.0,104,6.5,89.5,19,19,8.3,3.17,0,1,5.0,89.5,17,3,0.0,21,56.8,0,0.92,15,,,,,75.6,84.7,75.0,,81.7,,,66.0,,,0,0,22,76.2,0.0,152.1,0.0,0,2,0,0,4,1,4.5,209,11.0,0,100.0,1,1,-3.0,1.2,0,0,0.0,0.0,0,0,100.0,1,2.7,1,-1.26,0,,,,,60.4,60.5,64.6,,60.4,,,,,,0,0,1,0.0,,39.6,0.0,0,0,0,0,0,0,0.0,0,0.0,4.5
Brandon Allen,10835,QB,TEN,1,-9.09,0,31,31,50.0,20,22,6.8,2.96,1,1,4.3,45.5,10,13,0.0,23,74.2,0,-1.02,2,,,,,76.1,30.6,77.3,,31.5,,,,,,1,1,24,17.4,7.7,33.5,4.3,1,0,0,0,0,3,12.5,63,2.9,65.0,20,22,3.5,2.57,1,1,4.5,59.1,13,11,0.0,23,74.2,0,-1.08,2,,,,,75.9,29.9,77.2,,30.2,,,,,,1,1,23,13.0,9.1,44.9,4.3,1,0,0,0,0,3,13.0,42,1.9,62.5,8,8,3.4,2.5,0,0,0.0,50.0,4,2,20.0,8,25.8,1,-0.33,1,,,,,70.9,61.1,71.9,,60.9,,,,,,0,0,9,25.0,0.0,59.4,0.0,0,0,0,0,0,0,0.0,30,3.8,0,100.0,8,8,-4.9,1.36,0,0,0.0,87.5,7,0,12.5,8,25.8,1,-0.5,1,,,,,70.3,66.6,71.5,,66.0,,,,,,0,0,8,12.5,,79.2,0.0,0,0,0,0,0,0,0.0,9,1.1,1.84
Joe Milton III,82151,QB,DAL,4,27.78,0,27,9,66.7,18,21,12.6,3.03,1,1,4.2,57.1,12,9,0.0,24,88.9,0,-0.23,8,,,,,25.9,51.7,77.8,,51.5,,,57.4,,,0,2,27,50.0,0.0,59.1,0.0,0,3,0,2,1,2,7.4,167,8.0,66.7,15,18,11.7,2.98,1,1,5.0,55.6,10,6,0.0,20,74.1,0,-0.23,6,,,,,24.6,57.9,77.4,,56.1,,,62.1,,,0,1,22,40.0,0.0,72.0,0.0,0,2,0,2,1,1,4.5,122,6.8,83.3,6,6,6.2,2.8,0,0,0.0,83.3,5,3,0.0,7,25.9,0,-0.42,3,,,,,70.3,45.7,71.5,,50.0,,,55.9,,,0,1,8,71.4,0.0,69.4,0.0,0,1,0,0,0,1,12.5,61,10.2,0,100.0,3,3,-4.3,2.13,0,0,0.0,100.0,3,0,0.0,3,11.1,0,-0.68,1,,,,,65.5,63.5,68.2,,63.1,,,,,,0,0,3,33.3,,88.9,0.0,0,0,0,0,0,0,0.0,16,5.3,3.39
Aidan O'Connell,60516,QB,LV,1,17.14,0,24,23,55.6,18,21,10.1,2.65,0,1,4.8,42.9,9,8,10.0,23,95.8,1,-0.33,5,,,,,75.9,66.2,78.0,,67.6,,,55.7,,,1,0,23,34.8,12.5,58.4,4.3,1,1,0,2,0,0,0.0,104,5.0,50.0,14,15,10.0,2.28,0,0,0.0,40.0,6,6,14.3,17,70.8,1,-0.61,3,,,,,74.5,58.6,77.7,,60.3,,,55.7,,,1,0,18,23.5,16.7,50.4,5.9,1,1,0,0,0,0,0.0,54,3.6,80.0,5,7,7.4,3.31,0,1,14.3,57.1,4,2,0.0,7,29.2,0,0.07,2,,,,,69.6,76.5,71.1,,75.1,,,,,,0,0,7,57.1,0.0,78.3,0.0,0,0,0,2,0,0,0.0,48,6.9,0,100.0,1,1,-4.0,0.9,0,0,0.0,100.0,1,0,0.0,1,4.2,0,-2.39,0,,,,,63.6,58.6,66.9,,58.7,,,,,,0,0,2,0.0,,79.2,0.0,0,0,0,0,0,0,0.0,-2,-2.0,3.26
Clayton Tune,77652,QB,GB,2,38.64,0,22,12,69.2,13,13,3.6,3.08,0,0,0.0,53.8,7,10,22.2,19,86.4,2,-0.81,3,,,,,75.9,41.3,78.5,,32.2,,,65.1,,,0,1,20,31.6,40.0,28.4,21.1,4,2,0,0,0,1,5.0,42,3.2,66.7,9,11,3.6,2.74,1,0,0.0,36.4,4,9,33.3,17,77.3,2,-1.17,2,,,,,75.2,51.3,78.3,,41.9,,,68.0,,,0,1,17,23.5,55.6,7.0,29.4,5,1,0,1,0,0,0.0,22,2.0,75.0,4,4,3.8,4.06,0,0,0.0,75.0,3,2,0.0,5,22.7,0,0.15,1,,,,,68.9,27.9,70.6,,28.6,,,58.3,,,0,0,6,60.0,0.0,85.4,0.0,0,1,0,0,0,1,16.7,20,5.0,0,,0,2,,2.77,1,0,0.0,0.0,0,1,,3,13.6,0,-1.25,0,,,,,65.5,43.9,68.2,,45.5,,,,,,0,0,3,33.3,100.0,39.6,33.3,1,0,0,1,0,0,0.0,0,0.0,3.0
Shane Buechele,12659,QB,KC,1,70.0,0,20,16,60.0,10,13,12.9,3.18,2,1,7.7,46.2,6,10,0.0,19,95.0,0,-0.38,3,,,,,74.8,50.5,76.0,,53.6,,,55.3,,,0,0,19,15.8,50.0,65.5,26.3,5,1,0,1,0,1,5.3,78,6.0,42.9,7,10,11.1,3.19,2,0,0.0,30.0,3,7,0.0,15,75.0,0,-0.61,1,,,,,73.5,29.7,75.5,,32.2,,,55.3,,,0,0,15,0.0,57.1,39.6,26.7,4,1,0,1,0,1,6.7,9,0.9,100.0,4,4,12.0,2.74,0,1,25.0,100.0,4,3,0.0,5,25.0,0,0.56,3,,,,,68.0,91.7,69.9,,90.6,,,,,,0,0,5,80.0,33.3,118.8,20.0,1,0,0,0,0,0,0.0,79,19.8,0,100.0,1,1,-3.0,1.1,0,0,0.0,100.0,1,0,0.0,1,5.0,0,0.85,1,,,,,60.4,60.3,64.6,,60.1,,,,,,0,0,1,100.0,,108.3,0.0,0,0,0,0,0,0,0.0,10,10.0,18.85
Teddy Bridgewater,8667,QB,TB,1,-3.85,0,18,30,40.0,10,11,10.1,2.93,0,0,0.0,36.4,4,7,0.0,14,77.8,0,-0.76,2,,,,,74.8,40.4,76.3,,40.4,,,57.5,,,0,0,16,14.3,28.6,51.3,14.3,2,1,0,1,0,0,0.0,50,4.5,53.8,13,13,7.1,2.52,0,0,0.0,53.8,7,6,0.0,16,88.9,0,-0.75,2,,,,,75.3,46.2,76.5,,46.5,,,57.5,,,0,0,18,12.5,33.3,65.9,12.5,2,1,0,0,0,0,0.0,59,4.5,100.0,1,2,-3.0,2.95,0,0,0.0,50.0,1,1,0.0,2,11.1,0,-0.56,0,,,,,63.6,50.6,66.9,,51.8,,,,,,0,0,2,0.0,0.0,56.3,0.0,0,0,0,1,0,0,0.0,3,1.5,0,100.0,4,4,-3.0,1.3,0,0,0.0,100.0,4,0,0.0,4,22.2,0,-0.59,0,,,,,66.9,64.2,69.2,,63.7,,,,,,0,0,4,0.0,,79.2,0.0,0,0,0,0,0,0,0.0,12,3.0,-3.04
Gardner Minshew,41401,QB,KC,2,63.64,0,14,16,57.1,7,11,6.7,2.97,2,0,0.0,36.4,4,3,0.0,12,85.7,0,-0.51,2,,,,,75.1,31.0,0.0,,30.6,,,58.3,,,0,1,13,33.3,0.0,8.5,0.0,0,1,0,2,0,1,7.7,37,3.4,57.1,7,11,5.7,2.94,2,0,0.0,36.4,4,3,0.0,12,85.7,0,-0.64,1,,,,,75.1,30.9,0.0,,30.5,,,58.3,,,0,1,13,25.0,0.0,7.0,0.0,0,1,0,2,0,1,7.7,28,2.5,100.0,2,2,0.0,1.7,0,0,0.0,100.0,2,0,0.0,2,14.3,0,0.05,1,,,,,63.6,62.6,66.9,,62.2,,,,,,0,0,2,50.0,,85.4,0.0,0,0,0,0,0,0,0.0,9,4.5,0,100.0,2,2,-3.5,1.55,0,0,0.0,100.0,2,0,0.0,2,14.3,0,-0.72,0,,,,,63.6,62.4,66.9,,62.1,,,,,,0,0,2,0.0,,79.2,0.0,0,0,0,0,0,0,0.0,0,0.0,1.95
Zach Wilson,82096,QB,MIA,3,16.67,0,12,17,66.7,6,9,8.7,2.55,1,0,0.0,44.4,4,4,0.0,10,83.3,0,-0.15,2,,,,,72.7,47.2,75.3,,47.1,,,57.9,,,1,0,10,30.0,0.0,51.6,0.0,0,1,0,1,0,0,0.0,21,2.3,66.7,6,8,8.7,2.53,1,0,0.0,50.0,4,3,0.0,9,75.0,0,-0.07,2,,,,,72.3,47.9,75.2,,47.8,,,57.9,,,1,0,9,33.3,0.0,56.3,0.0,0,1,0,0,0,0,0.0,21,2.6,100.0,2,3,-3.5,1.77,0,0,0.0,66.7,2,1,0.0,3,25.0,0,-1.11,1,,,,,65.5,59.5,68.2,,59.5,,,,,,0,0,3,33.3,0.0,72.9,0.0,0,0,0,1,0,0,0.0,11,3.7,0,100.0,2,2,-3.5,1.3,0,0,0.0,100.0,2,0,0.0,2,16.7,0,-1.19,1,,,,,63.6,62.0,66.9,,61.8,,,,,,0,0,2,50.0,,89.6,0.0,0,0,0,0,0,0,0.0,11,5.5,1.04
Joshua Dobbs,11890,QB,NE,4,8.33,0,11,19,62.5,8,8,14.3,3.5,0,1,11.1,62.5,5,2,0.0,9,81.8,0,-0.72,1,,,,,75.8,63.4,77.3,,66.0,,,56.1,,,0,0,10,11.1,0.0,66.7,0.0,0,1,0,0,0,0,0.0,22,2.8,66.7,6,6,16.8,3.02,0,1,14.3,66.7,4,1,0.0,6,54.5,0,-0.47,1,,,,,75.1,73.5,77.0,,73.5,,,62.3,,,0,0,7,16.7,0.0,72.9,0.0,0,0,0,0,0,0,0.0,22,3.7,75.0,4,4,1.8,3.52,0,0,0.0,75.0,3,1,0.0,5,45.5,0,0.01,2,,,,,68.0,44.5,69.9,,51.7,,,55.3,,,0,0,5,40.0,0.0,109.4,0.0,0,1,0,0,0,0,0.0,43,10.8,0,100.0,2,2,-3.0,2.1,0,0,0.0,100.0,2,0,0.0,2,18.2,0,1.83,2,,,,,63.6,62.4,66.9,,62.0,,,,,,0,0,2,100.0,,118.8,0.0,0,0,0,0,0,0,0.0,43,21.5,7.08
Taysom Hill,12112,TE,NO,5,0.0,0,6,20,100.0,2,5,27.0,2.8,1,0,0.0,40.0,2,1,0.0,5,83.3,0,-0.42,2,,,,28.4,29.2,51.6,86.9,,76.6,45.3,,54.5,,,0,0,5,40.0,0.0,122.5,0.0,0,0,0,2,1,0,0.0,57,11.4,100.0,1,3,19.0,2.73,1,0,0.0,33.3,1,0,0.0,3,50.0,0,-1.81,1,,,,41.8,29.4,53.2,86.7,,67.0,51.4,,54.5,,,0,0,3,33.3,,56.3,0.0,0,0,0,1,0,0,0.0,19,6.3,50.0,2,3,16.5,2.27,0,0,0.0,33.3,1,1,0.0,3,50.0,0,0.86,1,,,,30.0,68.0,58.4,76.3,,66.9,53.9,,,,,0,0,3,33.3,0.0,121.5,0.0,0,0,0,1,1,0,0.0,38,12.7,0,0.0,1,1,-2.0,1.0,0,0,0.0,0.0,0,0,,1,16.7,0,-0.74,0,,,,73.4,68.8,68.1,73.9,,59.8,73.7,,,,,0,0,1,0.0,,39.6,0.0,0,0,0,0,0,0,0.0,0,0.0,6.34
Tyson Bagent,169628,QB,CHI,2,-100.0,0,5,6,66.7,3,3,12.0,3.33,0,0,0.0,66.7,2,0,0.0,4,80.0,0,0.58,1,,,,,66.9,59.3,73.3,,61.7,,,58.3,,,0,0,4,50.0,,95.1,0.0,0,1,0,0,0,0,0.0,27,9.0,100.0,3,3,3.0,3.03,0,0,0.0,100.0,3,1,0.0,3,60.0,0,1.12,2,,,,,65.5,74.9,73.1,,72.1,,,60.0,,,0,0,3,66.7,0.0,118.8,0.0,0,0,0,0,0,0,0.0,47,15.7,0.0,1,1,22.0,3.95,0,0,0.0,0.0,0,0,,2,40.0,0,-0.18,0,,,,,63.6,44.8,66.9,,49.2,,,58.3,,,0,0,2,50.0,,39.6,0.0,0,1,0,0,0,0,0.0,0,0.0,0,100.0,1,1,-5.0,3.7,0,0,0.0,100.0,1,1,0.0,1,20.0,0,0.71,1,,,,,60.4,62.4,64.9,,60.1,,,,,,0,0,1,100.0,0.0,118.8,0.0,0,0,0,0,0,0,0.0,20,20.0,-15.67
David Montgomery,45719,HB,DET,4,50.0,0,4,11,50.0,2,2,7.5,2.45,0,0,0.0,50.0,1,2,0.0,4,100.0,0,-0.96,1,,,,82.7,76.4,74.2,84.3,,61.9,73.0,,72.5,,,0,0,4,25.0,50.0,95.8,25.0,1,0,0,0,1,0,0.0,3,1.5,,0,0,,,0,0,,,0,0,,0,0.0,0,0.0,0,,,,75.6,75.3,71.8,84.4,,,56.1,,72.5,,,0,0,0,,,0.0,,0,0,0,0,0,0,,0,,50.0,2,2,7.5,2.45,0,0,0.0,50.0,1,2,0.0,4,100.0,0,-0.96,1,,,,82.2,74.8,74.4,76.0,,62.4,90.4,,,,,0,0,5,25.0,50.0,95.8,25.0,1,0,0,0,1,0,0.0,3,1.5,0,,0,0,,,0,0,0.0,,0,0,,0,0.0,0,0.0,0,,,,74.6,69.5,69.9,73.8,,60.4,83.3,,,,,0,0,1,,,0.0,,0,0,0,0,0,0,0.0,0,,1.5
Nick Mullens,12282,QB,JAX,2,-100.0,0,3,15,100.0,1,1,6.0,1.9,0,0,0.0,100.0,1,0,0.0,1,33.3,0,1.54,1,,,,,74.6,70.6,76.6,,70.4,,,62.8,,,0,0,1,100.0,,100.0,0.0,0,0,0,0,0,0,0.0,8,8.0,100.0,3,3,1.0,1.7,0,0,0.0,100.0,3,0,0.0,3,100.0,0,0.51,2,,,,,75.1,70.6,76.8,,71.2,,,62.8,,,0,0,3,66.7,,93.1,0.0,0,0,0,0,0,0,0.0,19,6.3,,0,0,,,0,0,,,0,0,,0,0.0,0,0.0,0,,,,,,,,,,,,,,,0,0,0,,,0.0,,0,0,0,0,0,0,,0,,0,100.0,2,2,-1.5,1.6,0,0,0.0,100.0,2,0,0.0,2,66.7,0,0.0,1,,,,,63.6,62.1,66.9,,61.8,,,,,,0,0,2,50.0,,89.6,0.0,0,0,0,0,0,0,0.0,11,5.5,-6.33
Drew Lock,39517,QB,SEA,1,50.0,0,3,29,50.0,2,2,5.0,2.7,0,0,0.0,50.0,1,1,0.0,2,66.7,0,-0.04,1,,,,,13.6,26.9,77.5,,41.7,,,29.4,,,0,0,2,50.0,0.0,66.7,0.0,0,0,0,0,0,1,50.0,11,5.5,50.0,2,2,0.0,2.35,0,0,0.0,50.0,1,0,0.0,2,66.7,0,-0.91,0,,,,,13.6,27.0,77.5,,41.5,,,29.4,,,0,0,2,0.0,,56.3,0.0,0,0,0,0,0,1,50.0,4,2.0,100.0,1,1,4.0,3.3,0,0,0.0,100.0,1,1,0.0,1,33.3,0,0.92,1,,,,,60.4,60.3,64.6,,60.1,,,,,,0,0,1,100.0,0.0,112.5,0.0,0,0,0,0,0,0,0.0,11,11.0,0,100.0,1,1,-6.0,2.6,0,0,0.0,100.0,1,0,0.0,1,33.3,0,-0.83,0,,,,,60.4,60.5,64.6,,60.4,,,,,,0,0,1,0.0,,83.3,0.0,0,0,0,0,0,0,0.0,4,4.0,9.0
Anthony Richardson,124393,QB,IND,1,100.0,0,2,14,50.0,2,2,18.5,2.0,0,0,0.0,50.0,1,0,0.0,2,100.0,0,-0.58,1,,,,,70.1,72.4,73.5,,65.9,,,66.7,,,0,0,2,50.0,,62.5,0.0,0,0,0,0,0,0,0.0,9,4.5,0.0,1,1,35.0,2.7,0,0,0.0,0.0,0,0,,1,50.0,0,-1.76,0,,,,,69.4,61.2,73.2,,51.7,,,66.7,,,0,0,1,0.0,,39.6,0.0,0,0,0,0,0,0,0.0,0,0.0,100.0,1,1,2.0,1.3,0,0,0.0,100.0,1,0,0.0,1,50.0,0,0.6,1,,,,,60.4,75.1,64.6,,73.3,,,,,,0,0,1,100.0,,104.2,0.0,0,0,0,0,0,0,0.0,9,9.0,0,,0,0,,,0,0,,,0,0,,0,0.0,0,0.0,0,,,,,,,,,,,,,,,0,0,0,,,0.0,,0,0,0,0,0,0,,0,,9.0
Kedon Slovis,100580,QB,ARZ,2,-50.0,0,2,1,100.0,2,2,1.5,2.25,0,0,0.0,50.0,1,1,50.0,2,100.0,1,-1.26,0,,,,,63.6,58.8,70.1,,58.7,,,,,,0,0,2,0.0,0.0,56.3,0.0,0,0,0,0,0,0,0.0,-2,-1.0,100.0,2,2,1.5,2.25,0,0,0.0,50.0,1,1,50.0,2,100.0,1,-1.26,0,,,,,63.6,58.8,70.1,,58.7,,,,,,0,0,2,0.0,0.0,56.3,0.0,0,0,0,0,0,0,0.0,-2,-1.0,,0,0,,,0,0,,,0,0,,0,0.0,0,0.0,0,,,,,,,,,,,,,,,0,0,0,,,0.0,,0,0,0,0,0,0,,0,,0,,0,0,,,0,0,,,0,0,,0,0.0,0,0.0,0,,,,,,,,,,,,,,,0,0,0,,,0.0,,0,0,0,0,0,0,,0,,1.0
Kyle Allen,26152,QB,DET,1,0.0,0,2,11,50.0,2,2,6.0,2.25,0,0,0.0,0.0,0,0,100.0,2,100.0,1,-0.78,0,,,,,69.1,73.7,73.9,,73.0,,,60.5,,,0,0,2,0.0,,39.6,0.0,0,0,0,0,0,0,0.0,0,0.0,100.0,1,1,11.0,2.3,0,0,0.0,0.0,0,0,100.0,1,50.0,1,-1.09,0,,,,,68.2,73.6,73.7,,71.9,,,60.5,,,0,0,1,0.0,,39.6,0.0,0,0,0,0,0,0,0.0,0,0.0,0.0,1,1,1.0,2.2,0,0,0.0,0.0,0,0,,1,50.0,0,-0.46,0,,,,,60.4,60.3,64.6,,60.1,,,,,,0,0,1,0.0,,39.6,0.0,0,0,0,0,0,0,0.0,0,0.0,0,,0,0,,,0,0,,,0,0,,0,0.0,0,0.0,0,,,,,,,,,,,,,,,0,0,0,,,0.0,,0,0,0,0,0,0,,0,,0.0
Gunner Olszewski,95015,WR,NYG,2,50.0,0,2,21,50.0,2,2,13.5,4.35,0,0,0.0,50.0,1,1,0.0,2,100.0,0,1.36,1,,,,76.5,71.1,78.3,80.7,,58.5,78.2,,,,,0,0,2,50.0,0.0,135.4,0.0,0,0,0,0,1,0,0.0,33,16.5,,0,0,,,0,0,,,0,0,,0,0.0,0,0.0,0,,,,77.3,70.6,77.5,80.3,,,78.4,,,,,0,0,0,,,0.0,,0,0,0,0,0,0,,0,,50.0,2,2,13.5,4.35,0,0,0.0,50.0,1,1,0.0,2,100.0,0,1.36,1,,,,64.7,65.6,66.7,73.8,,58.5,67.7,,,,,0,0,2,50.0,0.0,135.4,0.0,0,0,0,0,1,0,0.0,33,16.5,0,,0,0,,,0,0,,,0,0,,0,0.0,0,0.0,0,,,,68.3,64.0,60.8,71.1,,,66.8,,,,,0,0,0,,,0.0,,0,0,0,0,0,0,,0,,16.5
Cole Kmet,60995,TE,CHI,2,0.0,0,2,6,0.0,1,1,13.0,5.6,0,0,0.0,0.0,0,0,,2,100.0,0,-0.49,0,,,,69.0,77.2,64.3,64.5,,70.7,62.6,,56.3,,,0,0,2,0.0,,39.6,0.0,0,1,0,0,0,0,0.0,0,0.0,,0,0,,,0,0,,,0,0,,0,0.0,0,0.0,0,,,,54.5,73.6,57.5,58.3,,,55.0,,,,,0,0,0,,,0.0,,0,0,0,0,0,0,,0,,0.0,1,1,13.0,5.6,0,0,0.0,0.0,0,0,,2,100.0,0,-0.49,0,,,,82.7,74.5,74.1,80.6,,70.7,75.2,,56.3,,,0,0,2,0.0,,39.6,0.0,0,1,0,0,0,0,0.0,0,0.0,0,,0,0,,,0,0,,,0,0,,0,0.0,0,0.0,0,,,,70.5,65.8,52.4,78.6,,,53.4,,,,,0,0,0,,,0.0,,0,0,0,0,0,0,,0,,0.0
Austin McNamara,99363,P,NYJ,1,-100.0,0,1,22,100.0,1,1,3.0,2.9,0,0,0.0,100.0,1,0,0.0,1,100.0,0,2.89,1,,,,,60.4,69.5,69.1,,66.9,,,,,,0,0,1,100.0,,79.2,0.0,0,0,0,0,0,0,0.0,3,3.0,100.0,1,1,3.0,2.9,0,0,0.0,100.0,1,0,0.0,1,100.0,0,2.89,1,,,,,60.4,69.5,69.1,,66.9,,,,,,0,0,1,100.0,,79.2,0.0,0,0,0,0,0,0,0.0,3,3.0,,0,0,,,0,0,,,0,0,,0,0.0,0,0.0,0,,,,,,,,,,,,,,,0,0,0,,,0.0,,0,0,0,0,0,0,,0,,0,,0,0,,,0,0,,,0,0,,0,0.0,0,0.0,0,,,,,,,,,,,,,,,0,0,0,,,0.0,,0,0,0,0,0,0,,0,,-3.0
RJ Harvey,99622,HB,DEN,1,0.0,0,1,10,0.0,1,1,2.0,3.4,0,0,0.0,0.0,0,0,,1,100.0,0,-0.33,0,,,,59.7,78.1,68.6,87.7,,59.0,67.8,,69.6,,,0,0,1,0.0,,39.6,0.0,0,0,0,0,0,1,100.0,0,0.0,,0,0,,,0,0,,,0,0,,0,0.0,0,0.0,0,,,,68.0,78.1,70.1,88.2,,,69.1,,69.6,,,0,0,0,,,0.0,,0,0,0,0,0,0,,0,,0.0,1,1,2.0,3.4,0,0,0.0,0.0,0,0,,1,100.0,0,-0.33,0,,,,49.6,73.0,57.8,80.9,,59.0,63.9,,,,,0,0,1,0.0,,39.6,0.0,0,0,0,0,0,1,100.0,0,0.0,0,,0,0,,,0,0,,,0,0,,0,0.0,0,0.0,0,,,,65.6,73.0,62.0,83.4,,,67.3,,,,,0,0,0,,,0.0,,0,0,0,0,0,0,,0,,0.0
Xavier Hutchinson,122518,WR,HST,1,0.0,0,1,13,,0,0,,7.3,0,0,,,0,1,,1,100.0,0,1.11,0,60.7,70.6,89.4,74.4,78.7,65.0,88.6,,,63.3,,75.0,,,0,0,1,100.0,0.0,0.0,0.0,0,1,0,0,0,0,0.0,0,,,0,0,,,0,0,,,0,0,,0,0.0,0,0.0,0,60.7,70.6,89.4,69.6,77.5,60.3,73.5,,,59.4,,66.7,,,0,0,0,,,0.0,,0,0,0,0,0,0,,0,,,0,0,,7.3,0,0,,,0,1,,1,100.0,0,1.11,0,,,,77.3,71.1,72.1,80.6,,,69.7,,65.6,,,0,0,1,100.0,0.0,0.0,0.0,0,1,0,0,0,0,0.0,0,,0,,0,0,,,0,0,,,0,0,,0,0.0,0,0.0,0,,,,64.7,61.2,47.9,0.0,,,51.7,,,,,0,0,0,,,0.0,,0,0,0,0,0,0,,0,,0.0
Jaylen Waddle,84088,WR,MIA,1,-100.0,0,1,17,,0,0,,,0,0,,,0,0,,0,0.0,0,0.0,0,,,,77.9,45.6,89.7,89.2,,,90.0,,68.1,,,0,0,0,,,0.0,,0,0,0,0,0,0,,0,,100.0,1,1,-4.0,3.2,0,0,0.0,100.0,1,0,0.0,1,100.0,0,-1.41,0,,,,65.5,78.6,71.5,72.2,,60.3,72.3,,68.1,,,0,0,1,0.0,,100.0,0.0,0,0,0,0,0,0,0.0,8,8.0,,0,0,,,0,0,,,0,0,,0,0.0,0,0.0,0,,,,86.5,26.4,91.9,81.9,,,91.6,,,,,0,0,0,,,0.0,,0,0,0,0,0,0,,0,,0,100.0,1,1,-4.0,3.2,0,0,0.0,100.0,1,0,0.0,1,100.0,0,-1.41,0,,,,70.5,67.0,45.2,0.0,,60.3,49.3,,,,,0,0,1,0.0,,100.0,0.0,0,0,0,0,0,0,0.0,8,8.0,-8.0
Cooper Kupp,11824,WR,SEA,1,0.0,0,1,29,0.0,1,1,7.0,3.6,0,0,0.0,0.0,0,1,,1,100.0,0,-5.12,0,,,,69.8,42.8,76.0,88.9,,45.5,75.0,,,,,0,1,1,0.0,0.0,0.0,0.0,0,0,0,0,0,1,100.0,0,0.0,,0,0,,,0,0,,,0,0,,0,0.0,0,0.0,0,,,,72.9,38.1,72.3,88.8,,,72.7,,,,,0,0,0,,,0.0,,0,0,0,0,0,0,,0,,0.0,1,1,7.0,3.6,0,0,0.0,0.0,0,1,,1,100.0,0,-5.12,0,,,,60.6,72.0,69.2,80.8,,45.5,69.8,,,,,0,1,1,0.0,0.0,0.0,0.0,0,0,0,0,0,1,100.0,0,0.0,0,,0,0,,,0,0,,,0,0,,0,0.0,0,0.0,0,,,,72.1,67.0,48.5,79.3,,,58.0,,,,,0,0,0,,,0.0,,0,0,0,0,0,0,,0,,0.0
Christian McCaffrey,11763,HB,SF,1,0.0,0,1,28,,0,1,,3.3,0,0,0.0,0.0,0,1,,1,100.0,0,-0.54,0,,,,87.2,82.6,75.1,91.2,,60.0,90.7,,66.3,,,0,0,1,0.0,0.0,39.6,0.0,0,0,0,1,0,0,0.0,0,0.0,,0,0,,,0,0,,,0,0,,0,0.0,0,0.0,0,,,,77.1,82.6,75.5,91.5,,,90.7,,66.3,,,0,0,0,,,0.0,,0,0,0,0,0,0,,0,,,0,1,,3.3,0,0,0.0,0.0,0,1,,1,100.0,0,-0.54,0,,,,84.9,75.3,71.6,78.6,,60.0,88.4,,,,,0,0,1,0.0,0.0,39.6,0.0,0,0,0,1,0,0,0.0,0,0.0,0,,0,0,,,0,0,,,0,0,,0,0.0,0,0.0,0,,,,62.3,75.3,76.0,78.8,,,90.0,,,,,0,0,0,,,0.0,,0,0,0,0,0,0,,0,,0.0
D'Andre Swift,57212,HB,CHI,1,0.0,0,1,6,,0,0,,4.1,0,0,,,0,1,,1,100.0,0,-0.61,0,,,,52.9,73.3,81.1,36.6,,,54.2,,87.0,,,0,0,1,0.0,0.0,0.0,0.0,0,1,0,0,0,0,0.0,0,,,0,0,,,0,0,,,0,0,,0,0.0,0,0.0,0,,,,72.8,73.1,84.2,30.7,,,65.4,,86.4,,,0,0,0,,,0.0,,0,0,0,0,0,0,,0,,,0,0,,4.1,0,0,,,0,1,,1,100.0,0,-0.61,0,,,,54.5,73.9,63.6,78.2,,,60.6,,65.6,,,0,0,1,0.0,0.0,0.0,0.0,0,1,0,0,0,0,0.0,0,,0,,0,0,,,0,0,,,0,0,,0,0.0,0,0.0,0,,,,81.1,73.0,76.8,78.0,,,91.0,,,,,0,0,0,,,0.0,,0,0,0,0,0,0,,0,,0.0
Tyler Warren,129798,TE,IND,1,0.0,0,1,14,,0,1,,4.3,0,0,0.0,0.0,0,1,,1,100.0,0,-0.32,0,,,,66.6,49.8,64.2,82.8,,60.0,67.6,,45.1,,,0,0,1,0.0,0.0,39.6,0.0,0,0,0,1,0,0,0.0,0,0.0,,0,0,,,0,0,,,0,0,,0,0.0,0,0.0,0,,,,68.0,38.0,59.5,81.1,,,63.8,,45.1,,,0,0,0,,,0.0,,0,0,0,0,0,0,,0,,,0,1,,4.3,0,0,0.0,0.0,0,1,,1,100.0,0,-0.32,0,,,,70.9,77.5,87.6,82.4,,60.0,89.7,,,,,0,0,1,0.0,0.0,39.6,0.0,0,0,0,1,0,0,0.0,0,0.0,0,,0,0,,,0,0,,,0,0,,0,0.0,0,0.0,0,,,,80.0,72.3,86.6,79.6,,,90.4,,,,,0,0,0,,,0.0,,0,0,0,0,0,0,,0,,0.0
Cam Akers,57206,HB,SEA,1,100.0,0,1,29,100.0,1,1,15.0,2.3,0,0,0.0,100.0,1,0,0.0,1,100.0,0,3.22,1,,,,,70.4,69.2,73.1,,70.7,54.3,,64.6,,,0,0,1,100.0,,158.3,0.0,0,0,0,0,1,0,0.0,32,32.0,,0,0,,,0,0,,,0,0,,0,0.0,0,0.0,0,,,,27.9,69.7,50.1,72.8,,,29.2,,64.6,,,0,0,0,,,0.0,,0,0,0,0,0,0,,0,,100.0,1,1,15.0,2.3,0,0,0.0,100.0,1,0,0.0,1,100.0,0,3.22,1,,,,,60.4,72.1,64.6,,70.7,,,,,,0,0,1,100.0,,158.3,0.0,0,0,0,0,1,0,0.0,32,32.0,0,,0,0,,,0,0,,,0,0,,0,0.0,0,0.0,0,,,,27.9,,46.0,62.5,,,25.8,,,,,0,0,0,,,0.0,,0,0,0,0,0,0,,0,,32.0
Marte Mapu,56159,LB,NE,1,0.0,0,1,19,,0,0,,3.9,0,0,,,0,1,,1,100.0,0,-1.98,0,81.0,81.9,77.1,,26.7,60.0,60.4,84.4,60.0,,73.3,,61.1,84.4,0,0,1,0.0,100.0,0.0,100.0,1,0,0,0,0,1,100.0,0,,,0,0,,3.9,0,0,,,0,1,,1,100.0,0,-1.98,0,77.2,78.1,77.4,,26.7,60.0,60.4,84.1,60.0,,72.1,,61.1,84.1,0,0,1,0.0,100.0,0.0,100.0,1,0,0,0,0,1,100.0,0,,,0,0,,,0,0,,,0,0,,0,0.0,0,0.0,0,78.4,85.8,65.4,,,,,71.7,,,,,,71.7,0,0,0,,,0.0,,0,0,0,0,0,0,,0,,0,,0,0,,,0,0,,,0,0,,0,0.0,0,0.0,0,59.0,58.0,70.0,,,,,,,,58.5,,,,0,0,0,,,0.0,,0,0,0,0,0,0,,0,,0.0
Derrick Henry,10679,HB,BLT,1,0.0,0,1,3,0.0,1,1,14.0,3.2,0,0,0.0,0.0,0,1,,1,100.0,0,-0.32,0,,,,63.2,56.7,80.6,85.4,,48.9,59.3,,79.4,,,0,0,1,0.0,0.0,39.6,0.0,0,0,0,0,0,0,0.0,0,0.0,,0,0,,,0,0,,,0,0,,0,0.0,0,0.0,0,,,,54.5,56.1,81.8,84.7,,,50.7,,79.4,,,0,0,0,,,0.0,,0,0,0,0,0,0,,0,,0.0,1,1,14.0,3.2,0,0,0.0,0.0,0,1,,1,100.0,0,-0.32,0,,,,75.6,70.1,61.1,78.7,,48.9,68.9,,,,,0,0,1,0.0,0.0,39.6,0.0,0,0,0,0,0,0,0.0,0,0.0,0,,0,0,,,0,0,,,0,0,,0,0.0,0,0.0,0,,,,68.3,64.0,61.2,73.3,,,58.9,,,,,0,0,0,,,0.0,,0,0,0,0,0,0,,0,,0.0
Efton Chism III,141521,WR,NE,1,0.0,0,1,19,0.0,1,1,11.0,4.5,0,0,0.0,0.0,0,0,,1,100.0,0,-1.42,0,,,,72.1,68.0,71.2,81.4,,49.8,74.6,,,,,0,0,1,0.0,,39.6,0.0,0,0,0,0,0,0,0.0,0,0.0,,0,0,,,0,0,,,0,0,,0,0.0,0,0.0,0,,,,68.3,64.0,67.5,80.9,,,67.1,,,,,0,0,0,,,0.0,,0,0,0,0,0,0,,0,,0.0,1,1,11.0,4.5,0,0,0.0,0.0,0,0,,1,100.0,0,-1.42,0,,,,68.3,65.7,71.4,74.2,,49.8,76.2,,,,,0,0,1,0.0,,39.6,0.0,0,0,0,0,0,0,0.0,0,0.0,0,,0,0,,,0,0,,,0,0,,0,0.0,0,0.0,0,,,,,,57.6,69.0,,,56.5,,,,,0,0,0,,,0.0,,0,0,0,0,0,0,,0,,0.0
Brett Rypien,46487,QB,MIN,1,0.0,0,1,18,,0,0,,4.1,0,0,,,0,1,,1,100.0,0,-1.29,0,,,,,60.4,59.2,68.2,,60.0,,,,,,0,0,1,0.0,100.0,0.0,100.0,1,0,0,0,0,0,0.0,0,,,0,0,,4.1,0,0,,,0,1,,1,100.0,0,-1.29,0,,,,,60.4,59.2,68.2,,60.0,,,,,,0,0,1,0.0,100.0,0.0,100.0,1,0,0,0,0,0,0.0,0,,,0,0,,,0,0,,,0,0,,0,0.0,0,0.0,0,,,,,,,,,,,,,,,0,0,0,,,0.0,,0,0,0,0,0,0,,0,,0,,0,0,,,0,0,,,0,0,,0,0.0,0,0.0,0,,,,,,,,,,,,,,,0,0,0,,,0.0,,0,0,0,0,0,0,,0,,0.0
DJ Moore,48267,WR,CHI,1,100.0,0,1,6,100.0,1,1,3.0,4.2,0,0,0.0,100.0,1,1,0.0,1,100.0,0,2.72,1,,,,70.9,81.5,67.9,48.3,,68.9,67.4,,69.8,,,0,0,1,100.0,0.0,118.8,0.0,0,0,0,0,1,0,0.0,2,2.0,,0,0,,,0,0,,,0,0,,0,0.0,0,0.0,0,,,,73.2,80.6,63.8,42.9,,,63.1,,69.8,,,0,0,0,,,0.0,,0,0,0,0,0,0,,0,,100.0,1,1,3.0,4.2,0,0,0.0,100.0,1,1,0.0,1,100.0,0,2.72,1,,,,72.1,75.1,73.2,40.0,,68.9,73.7,,,,,0,0,1,100.0,0.0,118.8,0.0,0,0,0,0,1,0,0.0,2,2.0,0,,0,0,,,0,0,,,0,0,,0,0.0,0,0.0,0,,,,79.4,71.9,63.1,0.0,,,65.2,,,,,0,0,0,,,0.0,,0,0,0,0,0,0,,0,,2.0
Courtland Sutton,48164,WR,DEN,1,0.0,0,1,10,,0,0,,4.9,0,0,,,0,1,,1,100.0,0,-3.94,0,,,,58.9,82.4,80.3,91.0,,60.0,79.0,,,,,0,0,1,0.0,100.0,0.0,100.0,1,0,0,0,0,0,0.0,0,,,0,0,,4.9,0,0,,,0,1,,1,100.0,0,-3.94,0,,,,53.8,81.6,76.9,90.6,,60.0,76.7,,,,,0,0,1,0.0,100.0,0.0,100.0,1,0,0,0,0,0,0.0,0,,,0,0,,,0,0,,,0,0,,0,0.0,0,0.0,0,,,,78.7,71.5,59.7,83.4,,,62.0,,,,,0,0,0,,,0.0,,0,0,0,0,0,0,,0,,0,,0,0,,,0,0,,,0,0,,0,0.0,0,0.0,0,,,,64.7,61.2,38.2,80.9,,,45.9,,,,,0,0,0,,,0.0,,0,0,0,0,0,0,,0,,0.0
Jauan Jennings,48027,WR,SF,1,100.0,0,1,28,100.0,1,1,26.0,4.4,0,0,0.0,100.0,1,1,0.0,1,100.0,0,3.11,1,,,,63.3,42.8,70.0,64.8,,71.0,71.4,,,,,0,0,1,100.0,0.0,158.3,0.0,0,0,0,0,1,0,0.0,29,29.0,,0,0,,,0,0,,,0,0,,0,0.0,0,0.0,0,,,,59.2,38.1,70.5,48.0,,,73.1,,,,,0,0,0,,,0.0,,0,0,0,0,0,0,,0,,100.0,1,1,26.0,4.4,0,0,0.0,100.0,1,1,0.0,1,100.0,0,3.11,1,,,,75.6,70.1,54.6,82.1,,71.0,54.5,,,,,0,0,1,100.0,0.0,158.3,0.0,0,0,0,0,1,0,0.0,29,29.0,0,,0,0,,,0,0,,,0,0,,0,0.0,0,0.0,0,,,,,,42.3,0.0,,,47.9,,,,,0,0,0,,,0.0,,0,0,0,0,0,0,,0,,29.0
Gage Larvadain,150169,WR,CLV,1,0.0,0,1,8,,0,0,,8.9,0,0,,,0,1,,1,100.0,0,-1.0,0,,,,32.2,70.1,51.3,35.8,,,53.2,,57.9,,,0,0,1,0.0,0.0,0.0,0.0,0,1,0,0,0,0,0.0,0,,,0,0,,8.9,0,0,,,0,1,,1,100.0,0,-1.0,0,,,,49.7,69.5,51.6,34.0,,,53.5,,57.9,,,0,0,1,0.0,0.0,0.0,0.0,0,1,0,0,0,0,0.0,0,,,0,0,,,0,0,,,0,0,,0,0.0,0,0.0,0,,,,28.8,61.2,52.1,76.4,,,52.8,,,,,0,0,0,,,0.0,,0,0,0,0,0,0,,0,,0,,0,0,,,0,0,,,0,0,,0,0.0,0,0.0,0,,,,,,52.5,76.3,,,53.3,,,,,0,0,0,,,0.0,,0,0,0,0,0,0,,0,,0.0
Corey Bojorquez,27626,P,CLV,1,0.0,0,1,8,,0,1,,3.4,0,0,0.0,0.0,0,1,,1,100.0,0,0.0,0,,,,,,60.0,60.5,,60.0,,,,,,0,0,1,0.0,0.0,39.6,0.0,0,0,0,1,0,1,100.0,0,0.0,,0,1,,3.4,0,0,0.0,0.0,0,1,,1,100.0,0,0.0,0,,,,,,60.0,60.5,,60.0,,,,,,0,0,1,0.0,0.0,39.6,0.0,0,0,0,1,0,1,100.0,0,0.0,,0,0,,,0,0,,,0,0,,0,0.0,0,0.0,0,,,,,,,,,,,,,,,0,0,0,,,0.0,,0,0,0,0,0,0,,0,,0,,0,0,,,0,0,,,0,0,,0,0.0,0,0.0,0,,,,,,,,,,,,,,,0,0,0,,,0.0,,0,0,0,0,0,0,,0,,0.0
Chris Olave,84355,WR,NO,1,0.0,0,1,20,0.0,1,1,4.0,2.4,0,0,0.0,0.0,0,0,,1,100.0,0,-3.53,0,,,,84.0,83.2,78.1,29.6,,53.5,79.8,,,,,0,1,1,0.0,,0.0,0.0,0,0,0,0,0,1,100.0,0,0.0,,0,0,,,0,0,,,0,0,,0,0.0,0,0.0,0,,,,86.7,82.6,78.5,37.2,,,79.7,,,,,0,0,0,,,0.0,,0,0,0,0,0,0,,0,,0.0,1,1,4.0,2.4,0,0,0.0,0.0,0,0,,1,100.0,0,-3.53,0,,,,66.7,73.6,67.6,17.4,,53.5,69.9,,,,,0,1,1,0.0,,0.0,0.0,0,0,0,0,0,1,100.0,0,0.0,0,,0,0,,,0,0,,,0,0,,0,0.0,0,0.0,0,,,,76.5,70.1,66.4,79.5,,,66.3,,,,,0,0,0,,,0.0,,0,0,0,0,0,0,,0,,0.0
Isaiah Williams,97156,WR,NYJ,1,0.0,0,1,22,0.0,1,1,7.0,3.6,0,0,0.0,0.0,0,0,,1,100.0,0,-0.55,0,,60.0,60.0,66.7,74.9,60.3,53.4,,56.3,58.9,,63.7,60.0,,0,0,1,0.0,,39.6,0.0,0,0,0,0,0,0,0.0,0,0.0,,0,0,,,0,0,,,0,0,,0,0.0,0,0.0,0,,60.0,60.0,72.1,75.9,60.4,54.6,,,60.3,,63.7,60.0,,0,0,0,,,0.0,,0,0,0,0,0,0,,0,,0.0,1,1,7.0,3.6,0,0,0.0,0.0,0,0,,1,100.0,0,-0.55,0,,,,72.1,68.0,65.2,73.3,,56.3,66.3,,,,,0,0,1,0.0,,39.6,0.0,0,0,0,0,0,0,0.0,0,0.0,0,,0,0,,,0,0,,,0,0,,0,0.0,0,0.0,0,,,,78.0,71.1,64.1,77.7,,,69.2,,,,,0,0,0,,,0.0,,0,0,0,0,0,0,,0,,0.0
Matt Haack,12212,P,ARZ,1,-100.0,0,1,1,100.0,1,1,19.0,2.2,0,0,0.0,100.0,1,0,0.0,1,100.0,0,5.88,1,,,,,60.4,73.1,65.7,,68.8,,,,,,0,0,1,100.0,,118.8,0.0,0,0,0,0,0,0,0.0,28,28.0,100.0,1,1,19.0,2.2,0,0,0.0,100.0,1,0,0.0,1,100.0,0,5.88,1,,,,,60.4,73.1,65.7,,68.8,,,,,,0,0,1,100.0,,118.8,0.0,0,0,0,0,0,0,0.0,28,28.0,,0,0,,,0,0,,,0,0,,0,0.0,0,0.0,0,,,,,,,,,,,,,,,0,0,0,,,0.0,,0,0,0,0,0,0,,0,,0,,0,0,,,0,0,,,0,0,,0,0.0,0,0.0,0,,,,,,,,,,,,,,,0,0,0,,,0.0,,0,0,0,0,0,0,,0,,-28.0
Breece Hall,97636,HB,NYJ,1,100.0,0,1,22,100.0,1,1,12.0,4.2,0,0,0.0,100.0,1,0,0.0,1,100.0,0,1.47,1,,,,74.9,72.5,81.8,57.4,,55.1,65.9,,83.7,,,0,0,1,100.0,,122.9,0.0,0,0,0,0,1,0,0.0,4,4.0,,0,0,,,0,0,,,0,0,,0,0.0,0,0.0,0,,,,66.8,72.6,84.3,55.6,,,71.3,,83.7,,,0,0,0,,,0.0,,0,0,0,0,0,0,,0,,100.0,1,1,12.0,4.2,0,0,0.0,100.0,1,0,0.0,1,100.0,0,1.47,1,,,,76.5,70.6,63.2,77.0,,55.1,75.5,,,,,0,0,1,100.0,,122.9,0.0,0,0,0,0,1,0,0.0,4,4.0,0,,0,0,,,0,0,,,0,0,,0,0.0,0,0.0,0,,,,60.6,71.5,76.0,79.3,,,89.2,,,,,0,0,0,,,0.0,,0,0,0,0,0,0,,0,,4.0
Rigoberto Sanchez,12130,P,IND,1,-100.0,0,1,14,100.0,1,1,11.0,1.8,0,0,0.0,100.0,1,0,0.0,1,100.0,0,1.63,1,,,,,60.4,72.9,67.4,,68.8,,,,,,0,0,1,100.0,,118.8,0.0,0,0,0,0,0,0,0.0,16,16.0,100.0,1,1,11.0,1.8,0,0,0.0,100.0,1,0,0.0,1,100.0,0,1.63,1,,,,,60.4,72.9,67.4,,68.8,,,,,,0,0,1,100.0,,118.8,0.0,0,0,0,0,0,0,0.0,16,16.0,,0,0,,,0,0,,,0,0,,0,0.0,0,0.0,0,,,,,,,,,,,,,,,0,0,0,,,0.0,,0,0,0,0,0,0,,0,,0,,0,0,,,0,0,,,0,0,,0,0.0,0,0.0,0,,,,,,,,,,,,,,,0,0,0,,,0.0,,0,0,0,0,0,0,,0,,-16.0
Justin Jefferson,61398,WR,MIN,2,0.0,0,1,18,,0,0,,,0,0,,,0,0,,0,0.0,0,0.0,0,,,,67.5,81.0,79.8,78.6,,,79.5,,,,,0,0,0,,,0.0,,0,0,0,0,0,0,,0,,,0,0,,0.0,0,0,0.0,,0,0,,1,100.0,0,-0.29,0,,,,70.3,80.6,77.8,77.3,,59.2,77.8,,,,,0,0,2,0.0,,0.0,0.0,0,0,0,0,0,0,0.0,0,,,0,0,,,0,0,,,0,0,,0,0.0,0,0.0,0,,,,74.9,75.7,77.7,82.7,,,76.3,,,,,0,0,0,,,0.0,,0,0,0,0,0,0,,0,,0,,0,0,,0.0,0,0,0.0,,0,0,,1,100.0,0,-0.29,0,,,,83.2,74.7,72.8,81.2,,59.2,71.9,,,,,0,0,2,0.0,,0.0,0.0,0,0,0,0,0,0,0.0,0,,0.0
Treylon Burks,99218,WR,WAS,1,0.0,0,1,32,,0,0,,8.0,0,0,,,0,1,,1,100.0,0,-0.6,0,,,,78.0,71.6,65.9,85.0,,60.0,66.2,,,,,0,0,1,0.0,100.0,0.0,100.0,1,0,0,0,0,0,0.0,0,,,0,0,,,0,0,,,0,0,,0,0.0,0,0.0,0,,,,76.5,70.1,64.1,84.5,,,65.5,,,,,0,0,0,,,0.0,,0,0,0,0,0,0,,0,,,0,0,,8.0,0,0,,,0,1,,1,100.0,0,-0.6,0,,,,70.5,67.0,59.2,78.8,,60.0,61.0,,,,,0,0,1,0.0,100.0,0.0,100.0,1,0,0,0,0,0,0.0,0,,0,,0,0,,,0,0,,,0,0,,0,0.0,0,0.0,0,,,,64.7,61.2,46.0,75.2,,,53.8,,,,,0,0,0,,,0.0,,0,0,0,0,0,0,,0,,0.0
