player,player_id,Season,Included in rank?,team_name,player_game_count,accuracy_percent,aimed_passes,attempts,avg_depth_of_target,avg_time_to_throw,bats,big_time_throws,btt_rate,completion_percent,completions,declined_penalties,def_gen_pressures,drop_rate,dropbacks,drops,epa,first_downs,franchise_id,grades_hands_fumble,grades_offense,grades_pass,grades_run,hit_as_threw,interceptions,passing_snaps,penalties,positive_epa_percent,pressure_to_sack_rate,qb_rating,sack_percent,sacks,scrambles,spikes,thrown_aways,touchdowns,turnover_worthy_plays,twp_rate,yards,ypa
Matthew Stafford,4924,2025,1,LA,20,72.3,672,716,9.8,2.73,6,58,7.7,63.4,454,0,240,6.6,755,32,0.2,285,26,62.9,92,91.7,37.4,8,9,797,5,52.2,12.1,106.7,3.8,29,9,4,26,52,26,3.3,5643,7.9
Caleb Williams,144622,2025,1,CHI,19,69.4,592,658,9.2,3.23,17,37,5.4,57.3,377,0,261,8.3,737,34,0.05,240,6,66,76.9,72.2,82.1,3,12,780,10,45.9,9.6,86.8,3.4,25,49,2,44,31,24,3.1,4560,6.9
Bo Nix,97790,2025,1,DEN,18,75.5,601,658,8,2.83,16,35,5,62.9,414,1,232,8.8,730,40,0.09,221,10,73.1,77.1,76.1,65.3,7,12,771,9,46.2,9.5,87.8,3,22,38,1,33,28,22,2.9,4210,6.4
Drake Maye,143969,2025,1,NE,21,77,574,612,9.7,3.08,8,32,4.9,69.3,424,0,284,4.1,755,18,0.18,271,19,29.5,80.7,76.6,79.7,6,12,797,2,51.8,23.9,107.4,9,68,74,0,24,37,26,3.3,5222,8.5
Dak Prescott,10769,2025,1,DAL,17,76.6,564,600,8.6,2.78,13,31,4.8,67.3,404,0,233,6.5,659,28,0.15,230,9,66.9,86.9,85.4,61.3,6,10,712,5,50.2,13.3,99.5,4.7,31,26,3,14,30,19,2.7,4552,7.6
Trevor Lawrence,77632,2025,1,JAX,18,73.5,543,590,9.5,2.9,20,30,4.8,60.8,359,0,256,10,682,40,0.05,225,15,70.6,83.7,80.5,77.4,11,14,725,9,47.5,16.4,90.7,6.2,42,44,3,13,32,24,3.3,4214,7.1
Jared Goff,10635,2025,1,DET,17,80.2,514,578,7,2.57,16,16,2.7,68,393,0,224,4.6,623,19,0.14,225,11,69.6,77.7,76.8,52.6,10,8,648,5,48.3,17,105.5,6.1,38,5,2,36,34,13,2,4564,7.9
Sam Darnold,29048,2025,1,SEA,20,77.1,512,568,8.9,2.74,16,34,5.7,66.7,379,0,222,4.1,625,16,0.09,223,29,38.9,79,79.9,41.6,7,14,660,5,49.4,14.9,99.6,5.3,33,16,4,29,30,21,3.2,4720,8.3
Baker Mayfield,46518,2025,1,TB,17,71.9,512,543,8.6,2.89,9,28,4.8,63.2,343,0,222,6.8,630,25,-0.02,198,30,41.4,70,64.8,86.8,8,11,680,5,45.1,16.2,90.6,5.7,36,43,1,13,26,28,4.1,3693,6.8
Justin Herbert,28237,2025,1,LAC,17,76,504,543,8.3,2.96,7,22,3.9,66.1,359,0,288,6.3,660,24,0.03,206,27,56.1,78,73,82.7,11,13,691,5,49.7,20.8,93,9.1,60,56,0,21,26,18,2.6,3886,7.2
Cam Ward,133244,2025,1,TEN,17,70.7,485,540,7.8,2.98,9,21,3.7,59.8,323,0,230,5.8,623,20,-0.21,163,31,30,58.4,56.4,70.1,6,7,662,3,38,23.9,80.2,8.8,55,24,3,37,15,23,3.5,3169,5.9
Josh Allen,46601,2025,1,BUF,18,78.2,510,534,7.8,2.99,6,29,5.1,69.7,372,0,237,6.8,642,27,0.15,223,4,70,90.5,84,90.8,4,12,677,5,49.4,18.6,101.8,6.9,44,59,1,13,29,16,2.4,4224,7.9
Aaron Rodgers,2241,2025,1,PIT,17,75.2,487,531,6.6,2.58,9,27,4.8,64.8,344,0,154,6,579,22,-0.06,153,25,52.9,68,68.8,42.7,7,8,612,6,42.5,21.4,92.1,5.7,33,12,2,26,24,16,2.6,3468,6.5
Bryce Young,123943,2025,1,CAR,17,76.7,454,518,7.2,2.84,10,25,4.5,62.7,325,1,220,6.6,586,23,-0.09,181,5,56.5,71,68.2,72.6,9,12,626,6,44.5,13.2,86.5,4.9,29,35,2,43,24,17,2.7,3275,6.3
Patrick Mahomes,11765,2025,1,KC,14,73.3,461,502,8.3,2.93,9,23,4.3,62.7,315,0,205,6.8,594,23,0.12,197,16,70.2,76,70.7,86.7,4,11,636,5,50,16.6,89.6,5.7,34,53,2,26,22,20,3.1,3587,7.1
C.J. Stroud,129759,2025,1,HST,16,69.4,461,502,8.6,2.81,7,18,3.3,62.5,314,0,209,1.9,559,6,0.03,167,13,60.7,65,62,73.2,8,13,604,4,44.5,13.9,86.4,5.2,29,28,3,23,21,23,3.8,3503,7
Jalen Hurts,40291,2025,1,PHI,17,74.2,445,489,9.2,3.05,6,25,4.8,64.2,314,0,202,4.8,569,16,0.05,172,24,61.2,79,76.7,71.6,7,6,602,5,44.5,16.3,97.1,5.8,33,40,2,29,26,12,2,3392,6.9
Jordan Love,40306,2025,1,GB,16,76.8,436,485,9.4,2.82,6,30,5.9,64.9,315,0,209,6,542,20,0.2,185,12,62.9,88.8,88.7,54.5,9,6,572,5,50.9,10.5,101.4,4.1,22,25,1,33,27,15,2.6,3704,7.6
Jacoby Brissett,10725,2025,1,ARZ,13,74.7,443,485,8.1,2.97,3,17,3.3,64.9,315,0,225,4.8,550,16,-0.01,173,1,52.2,70.6,68.6,68.9,7,8,581,3,45.6,19.1,94.1,7.8,43,22,1,31,23,16,2.8,3366,6.9
Geno Smith,7820,2025,1,LV,15,76.9,415,448,6.9,2.79,8,14,3,67.4,302,0,212,5.3,524,17,-0.14,154,23,67.4,60.9,58.2,70.3,7,17,557,4,43.7,25.9,84.7,10.5,55,18,2,16,19,23,4.1,3025,6.8
Joe Flacco,4332,2025,1,CIN,12,73,374,416,7.6,2.6,5,16,3.6,60.3,251,1,148,8.1,438,22,-0.17,118,7,60.2,68,66.8,76.1,7,10,466,8,40.9,12.2,79.2,4.1,18,4,4,26,15,15,3.2,2479,6
Daniel Jones,39395,2025,1,IND,13,76.2,362,384,8.6,2.76,7,13,3.1,68,261,0,151,5.4,429,15,0.14,157,14,50.5,71.7,68.7,73.7,5,8,460,5,51.5,14.6,100.2,5.1,22,23,2,8,19,18,3.9,3101,8.1
Tua Tagovailoa,60326,2025,1,MIA,14,76.5,362,384,7.2,2.55,4,18,4.4,67.7,260,0,131,6.1,440,17,-0.03,143,17,45.4,62.1,65.8,27,1,15,465,4,43.4,22.9,88.5,6.8,30,12,2,15,20,25,5.4,2660,6.9
Brock Purdy,77672,2025,1,SF,11,78.7,310,342,8.1,3.22,3,15,4.2,67.3,230,1,156,5.7,384,14,0.08,160,28,65.8,85.4,82.6,75.7,7,13,404,3,50.8,9,95,3.6,14,25,0,22,22,15,3.7,2569,7.5
Jaxson Dart,146409,2025,1,NYG,13,74.4,313,339,8.8,3.07,8,19,5.2,63.7,216,1,152,7.3,413,17,-0.01,121,21,51.4,67.9,64.2,76.9,5,5,447,9,44.8,23,91.7,8.5,35,38,1,12,15,15,3.4,2272,6.7
Tyler Shough,83537,2025,1,NO,11,76.5,306,327,8.7,2.7,6,13,3.8,67.6,221,0,124,5.6,378,13,0,113,20,86.6,74.6,73.1,64.8,3,6,397,0,43.9,25,91.3,8.2,31,20,3,9,10,8,2,2384,7.3
Lamar Jackson,46416,2025,1,BLT,13,74.3,276,302,9.7,3.16,8,9,2.8,63.6,192,0,156,6.3,368,13,0.03,122,3,45.5,74,69,78.6,5,7,393,4,48.1,23.1,103.8,9.8,36,30,2,11,21,12,3.1,2549,8.4
Mac Jones,60323,2025,1,SF,9,79.6,270,293,7.7,2.66,7,8,2.6,69.3,203,0,96,5.6,321,12,0.07,110,28,72.4,76.7,75.4,66.9,4,6,334,3,50.8,17.7,96.7,5.3,17,9,3,9,13,10,3,2155,7.4
Michael Penix Jr.,82134,2025,1,ATL,9,71.3,247,276,8.8,2.82,3,8,2.7,60.1,166,0,106,5.7,303,10,0.01,104,2,73.1,59.3,58,66.2,9,3,325,7,47.2,12.3,88.5,4.3,13,13,0,17,9,11,3.4,1982,7.2
Kirk Cousins,7102,2025,1,ATL,10,72.3,249,269,7.4,2.57,2,9,3.2,61.7,166,0,103,7.8,289,14,-0.06,87,2,68.4,76,75,66.3,3,5,302,5,43.6,12.6,84.8,4.5,13,2,3,12,10,5,1.7,1721,6.4
Joe Burrow,28022,2025,1,CIN,8,75.3,243,259,8.1,2.76,3,18,6.6,66.8,173,0,86,5.5,288,10,0.06,101,7,90.7,91.8,91.3,59,3,5,303,4,49.3,19.8,100.7,5.9,17,9,0,10,17,2,0.7,1809,7
Spencer Rattler,97408,2025,1,NO,9,75.6,242,257,8.3,2.63,2,11,4,67.7,174,0,111,4.9,292,9,-0.12,83,20,44.8,70,66.1,76.9,1,5,314,3,47.3,16.2,86.5,6.2,18,15,3,9,8,17,5.4,1586,6.2
J.J. McCarthy,144918,2025,1,MIN,10,71,221,243,9.5,3.01,11,19,7.3,57.6,140,0,115,10.8,291,17,-0.15,88,18,28.3,61.8,60.1,71.6,6,12,310,6,43.6,23.5,72.6,9.3,27,17,0,5,11,15,4.8,1632,6.7
Marcus Mariota,9435,2025,1,WAS,10,70.7,208,227,10.6,2.9,3,17,6.9,61.2,139,0,88,5.4,262,8,-0.02,85,32,29.6,71.4,72.3,55.8,1,7,285,4,47.3,18.2,86.1,6.1,16,18,2,13,10,12,4.2,1695,7.5
Shedeur Sanders,131396,2025,1,CLV,8,69.8,182,212,7.7,3.3,4,10,4.5,56.6,120,0,131,5.5,255,7,-0.28,60,8,48.7,44.1,42.3,67.9,9,10,265,7,36.5,17.6,68.1,9,23,18,0,17,7,15,5.7,1400,6.6
Justin Fields,82118,2025,1,NYJ,9,76.5,179,204,7.2,3.09,10,6,2.8,62.7,128,0,116,6.6,260,9,-0.13,67,22,44.4,67.3,65.5,65.8,5,1,276,3,42.7,23.3,89.5,10.4,27,28,2,8,7,7,2.5,1259,6.2
Jayden Daniels,97993,2025,1,WAS,7,76.2,168,188,7.8,3.06,5,10,4.9,60.6,114,0,97,10.9,244,14,-0.01,69,32,52.1,74.9,73.8,65.6,0,3,266,3,46.7,18.6,88.1,7.4,18,38,2,13,8,8,3,1262,6.7
Dillon Gabriel,86272,2025,1,CLV,10,69.2,172,185,6.4,2.75,4,3,1.5,59.5,110,0,88,7.6,217,9,-0.21,49,8,90.2,49,49.6,58.8,3,2,232,5,34.6,21.6,80.8,8.8,19,11,1,5,7,10,4.3,937,5.1
Carson Wentz,10636,2025,1,MIN,5,72.6,157,169,8.4,2.66,2,3,1.7,65.1,110,0,78,3.5,199,4,-0.02,61,18,43.4,50.4,50,62.7,2,5,210,3,46.7,24.4,85.8,9.5,19,9,1,7,6,8,3.8,1216,7.2
Kyler Murray,38334,2025,1,ARZ,5,78.4,148,161,6.4,2.91,7,4,2.3,68.3,110,0,67,5.2,195,6,0.06,59,1,90.2,72.2,69.5,71.4,1,3,211,4,46.2,23.9,88.6,8.2,16,17,0,5,6,3,1.4,962,6
Davis Mills,52269,2025,1,HST,6,68.2,148,159,9.1,2.55,1,7,4.2,57.2,91,0,54,9.9,174,10,-0.11,50,13,57.9,64,67.6,43.6,3,1,183,3,42.5,14.8,81.6,4.6,8,7,0,7,5,8,4.4,915,5.8
Brady Cook,124199,2025,1,NYJ,5,69,142,153,5.9,2.71,5,1,0.6,57.5,88,0,49,10.2,179,10,-0.49,36,22,39.2,32.4,32.7,50.4,1,7,184,1,31.8,38.8,55.4,10.6,19,7,0,5,2,13,7.1,739,4.8
Tyrod Taylor,6332,2025,1,NYJ,6,75,120,134,9.3,3.24,6,2,1.4,59.7,80,0,71,11.1,170,10,-0.12,50,22,89.4,60.7,58.2,65.9,1,5,178,2,42.9,19.7,72.9,8.2,14,22,1,6,5,7,3.9,779,5.8
Jake Browning,46401,2025,0,CIN,5,70.1,117,125,8,2.8,2,5,3.7,64.8,81,1,56,1.2,138,1,-0.38,35,7,67.2,51.9,51.5,62.2,0,8,150,3,37,16.1,71.1,6.5,9,4,0,6,6,9,6,771,6.2
Russell Wilson,7077,2025,0,NYG,6,75.5,98,119,9.7,2.76,3,8,6.2,58,69,2,55,6.8,141,5,-0.17,36,21,27.9,63.3,63.5,56.5,4,3,152,4,41.1,18.2,77.4,7.1,10,12,0,14,3,7,4.6,831,7
Philip Rivers,1725,2025,0,IND,3,67.8,87,92,8.3,2.35,2,3,3.1,63,58,0,27,1.7,97,1,-0.18,30,14,55.4,51,50.5,59.6,0,3,102,2,46.4,18.5,80.2,5.2,5,0,0,3,4,5,4.9,544,5.9
Quinn Ewers,127253,2025,0,MIA,4,70,80,83,8.8,2.57,1,2,2.3,66.3,55,0,31,1.8,98,1,-0.04,30,17,29.5,39.7,40.5,55.1,0,3,101,2,41.8,25.8,85.5,8.2,8,3,0,2,3,5,5,622,7.5
Max Brosmer,105568,2025,0,MIN,6,74.6,67,71,4.3,2.72,0,2,2.6,66.2,47,0,34,6,87,3,-0.67,19,18,27.7,28,27.4,62.3,2,4,93,0,33.3,41.2,53,16.1,14,2,0,2,0,6,6.5,328,4.6
Tyler Huntley,46448,2025,0,BLT,4,84.4,64,67,6.2,2.73,1,1,1.4,77.6,52,0,37,3.7,82,2,0.06,24,3,85.6,79.1,68.8,86.5,0,0,85,1,48.8,21.6,103.1,9.8,8,7,1,1,2,1,1.2,426,6.4
Riley Leonard,143862,2025,0,IND,5,67.7,62,67,9.2,2.73,1,6,8.2,58.2,39,0,28,7.1,73,3,-0.18,21,14,49,65.5,61.8,74,1,3,79,0,34.2,7.1,67.7,2.7,2,3,0,3,2,6,7.6,415,6.2
Jameis Winston,9434,2025,0,NYG,3,65,60,66,10.1,2.9,1,5,6.9,56.1,37,0,26,5.1,70,2,0.34,26,21,83.8,74,66.3,72.2,1,2,76,1,45.7,11.5,82.1,4.3,3,1,0,4,2,5,6.6,567,8.6
Trey Lance,91399,2025,0,LAC,4,60.4,48,57,9.8,2.77,0,1,1.7,47.4,27,0,26,6.9,70,2,-0.54,13,27,50.7,36,31.3,66.5,3,1,72,1,30,23.1,50.8,8.6,6,7,4,2,0,4,5.6,226,4
Chris Oladokun,40364,2025,0,KC,3,79.2,48,55,5,3.12,3,0,0,63.6,35,0,26,7.9,67,3,-0.5,10,16,18.6,41.4,45.4,39.5,1,0,71,1,29.9,30.8,79,11.9,8,4,1,2,1,5,7,235,4.3
Josh Johnson,4474,2025,0,WAS,3,70.8,48,54,6.5,2.91,0,0,0,63,34,0,22,0,64,0,0.06,25,32,26.6,52.9,55.4,47.3,1,2,72,0,51.6,9.1,74,3.1,2,8,2,3,1,2,2.8,372,6.9
Mason Rudolph,46569,2025,0,PIT,5,81.3,48,53,5,2.68,2,0,0,73.6,39,0,10,0,57,0,0.04,18,25,42.8,52.8,50.5,69.1,0,2,61,1,50.9,20,84.8,3.5,2,1,0,3,2,4,6.6,312,5.9
Cooper Rush,12324,2025,0,BLT,3,73.5,49,52,6.5,2.57,0,1,1.9,65.4,34,0,18,5.6,53,2,-0.49,13,3,81.7,59.3,59.8,52.9,2,4,57,0,39.6,5.6,48.8,1.9,1,0,0,1,0,3,5.3,303,5.8
Kenny Pickett,60515,2025,0,LV,6,76.2,42,45,6.1,2.85,1,1,2.2,62.2,28,0,22,12.5,56,4,-0.53,11,23,39.2,48.4,47.3,60.4,1,2,58,0,26.8,36.4,60.2,14.3,8,3,1,0,1,3,5.2,188,4.2
Tanner McKee,131770,2025,0,PHI,2,72.2,36,43,9.7,2.94,0,0,0,55.8,24,0,20,7.7,49,2,-0.18,17,24,81.2,61.2,60.7,58.8,1,1,50,0,49,15,73.2,6.1,3,3,0,6,1,1,2,274,6.4
Andy Dalton,6187,2025,0,CAR,3,71.4,35,37,9.5,2.53,0,1,2.6,67.6,25,0,18,0,48,0,-0.22,17,5,23.8,55,59.6,35.1,0,1,50,0,50,44.4,89.1,16.7,8,1,0,2,1,4,8,293,7.9
Malik Willis,60341,2025,0,GB,4,94.1,34,35,9.7,3.32,0,3,8.3,85.7,30,0,23,6.3,47,2,0.68,23,12,42,92.3,90.8,80.3,1,0,49,0,70.2,13,145.5,6.4,3,9,0,0,3,0,0,422,12.1
Mitch Trubisky,11757,2025,0,BUF,4,79.4,34,35,7.7,2.81,0,2,5.4,71.4,25,0,3,7.4,37,2,0.73,19,4,80.3,79.9,77.7,66.6,0,0,39,0,62.2,0,137,0,0,2,0,1,4,1,2.6,313,8.9
Jarrett Stidham,13725,2025,0,DEN,1,74.1,27,31,6.5,3.15,0,1,3.2,54.8,17,0,19,15,37,3,-0.59,8,10,26.2,45.9,46.7,53.6,1,1,37,0,29.7,15.8,63,8.1,3,3,0,3,1,2,5.4,133,4.3
Brandon Allen,10835,2025,0,TEN,1,64.3,28,30,3.4,2.55,1,1,3.2,56.7,17,0,13,5.6,31,1,-0.89,3,31,77.7,36.4,37.1,,1,1,32,0,16.1,7.7,47.9,3.2,1,0,0,0,0,3,9.4,72,2.4
Joe Milton III,82151,2025,0,DAL,4,71.4,21,24,10.1,2.93,1,1,3.7,62.5,15,0,9,0,27,0,-0.28,9,9,26.6,52.7,52.7,57.4,0,2,30,0,48.1,0,65.1,0,0,3,0,2,1,2,6.7,183,7.6
Aidan O'Connell,60516,2025,0,LV,1,57.9,19,22,9.3,2.58,0,1,4.3,45.5,10,0,8,9.1,24,1,-0.41,5,23,76.3,65.7,66.9,55.7,1,0,25,0,33.3,12.5,59.3,4.2,1,1,0,2,0,0,0,102,4.6
Teddy Bridgewater,8667,2025,0,TB,1,57.1,14,15,6.4,2.57,0,0,0,53.3,8,0,7,0,18,0,-0.73,2,30,75.8,43.8,44,57.5,0,0,20,0,11.1,28.6,63.8,11.1,2,1,0,1,0,0,0,62,4.1
Clayton Tune,77652,2025,0,GB,2,69.2,13,15,3.6,3.04,1,0,0,46.7,7,0,11,22.2,22,2,-0.87,3,12,76.6,37.7,29.5,65.1,0,1,23,0,31.8,45.5,25.7,22.7,5,2,0,1,0,1,4.3,42,2.8
Shane Buechele,12659,2025,0,KC,1,63.6,11,14,11.5,3.08,2,1,7.1,50,7,0,10,0,20,0,-0.32,4,16,75.1,51.2,54.2,55.3,0,0,20,0,20,50,69.9,25,5,1,0,1,0,1,5,88,6.3
Gardner Minshew,41401,2025,0,KC,2,66.7,9,13,4.4,2.76,2,0,0,46.2,6,0,3,0,14,0,-0.54,2,16,75.7,33.4,33.6,58.3,0,1,15,1,28.6,0,21,0,0,1,0,2,0,1,6.7,37,2.8
Zach Wilson,82096,2025,0,MIA,3,75,8,11,5.6,2.34,1,0,0,54.5,6,0,4,0,12,0,-0.33,3,17,73.5,49.1,49.1,57.9,1,0,12,0,33.3,0,60,0,0,1,0,1,0,0,0,32,2.9
Joshua Dobbs,11890,2025,0,NE,4,70,10,10,10.8,3.25,0,1,9.1,70,7,0,2,0,11,0,-0.25,3,19,76.3,64,66.5,56.1,0,0,12,0,27.3,0,87.5,0,0,1,0,0,0,0,0,65,6.5
Taysom Hill,12112,2025,0,NO,5,66.7,3,6,17.3,2.5,1,0,0,33.3,2,0,1,0,6,0,-0.47,2,20,30,53.4,70.7,54.5,0,0,6,2,33.3,0,109,0,0,0,0,2,1,0,0,57,9.5
Tyson Bagent,169628,2025,0,CHI,2,75,4,4,7.8,3.4,0,0,0,75,3,0,1,0,5,0,0.6,2,6,68,60.3,62.3,58.3,0,0,5,0,60,0,113.5,0,0,1,0,0,0,0,0,47,11.8
Nick Mullens,12282,2025,0,JAX,2,100,3,3,1,1.7,0,0,0,100,3,0,0,0,3,0,0.51,2,15,75.1,70.6,71.2,62.8,0,0,3,0,66.7,,93.1,0,0,0,0,0,0,0,0,19,6.3
Drew Lock,39517,2025,0,SEA,1,66.7,3,3,1.3,2.67,0,0,0,66.7,2,0,1,0,3,0,-0.3,1,29,14.2,27.9,43.5,29.4,0,0,3,0,33.3,0,78.5,0,0,0,0,0,0,1,33.3,15,5
Anthony Richardson,124393,2025,0,IND,1,50,2,2,18.5,2,0,0,0,50,1,0,0,0,2,0,-0.58,1,14,70.1,72.4,65.9,66.7,0,0,2,0,50,,62.5,0,0,0,0,0,0,0,0,9,4.5
Kedon Slovis,100580,2025,0,ARZ,2,100,2,2,1.5,2.25,0,0,0,50,1,0,1,50,2,1,-1.26,0,1,63.6,58.8,58.7,,0,0,2,0,0,0,56.3,0,0,0,0,0,0,0,0,-2,-1
David Montgomery,45719,2025,0,DET,4,50,2,2,7.5,2.45,0,0,0,50,1,0,2,0,4,0,-0.96,1,11,77,75.3,62.4,72.5,0,0,5,0,25,50,95.8,25,1,0,0,0,1,0,0,3,1.5
Kyle Allen,26152,2025,0,DET,1,50,2,2,6,2.25,0,0,0,0,0,0,0,100,2,1,-0.78,0,11,69.1,73.7,73,60.5,0,0,2,0,0,,39.6,0,0,0,0,0,0,0,0,0,0
Gunner Olszewski,95015,2025,0,NYG,2,50,2,2,13.5,4.35,0,0,0,50,1,0,1,0,2,0,1.36,1,21,61.9,76.7,58.5,,0,0,2,1,50,0,135.4,0,0,0,0,0,1,0,0,33,16.5
Cooper Kupp,11824,2025,0,SEA,1,0,1,1,7,3.6,0,0,0,0,0,0,1,,1,0,-5.12,0,29,44.8,73.1,45.5,,0,1,1,1,0,0,0,0,0,0,0,0,0,1,100,0,0
Christian McCaffrey,11763,2025,0,SF,1,,0,1,,3.3,0,0,0,0,0,0,1,,1,0,-0.54,0,28,83.5,77.2,60,66.3,0,0,1,0,0,0,39.6,0,0,0,0,1,0,0,0,0,0
Isaiah Williams,97156,2025,0,NYJ,1,0,1,1,7,3.6,0,0,0,0,0,0,0,,1,0,-0.55,0,22,67.6,61.4,56.3,63.7,0,0,1,1,0,,39.6,0,0,0,0,0,0,0,0,0,0
Tyler Warren,129798,2025,0,IND,1,,0,1,,4.3,0,0,0,0,0,1,1,,1,0,-0.32,0,14,54.3,67.6,60,45.1,0,0,1,4,0,0,39.6,0,0,0,0,1,0,0,0,0,0
Cole Kmet,60995,2025,0,CHI,2,0,1,1,13,5.6,0,0,0,0,0,0,0,,2,0,-0.49,0,6,77.6,62.9,70.7,56.3,0,0,2,3,0,,39.6,0,0,1,0,0,0,0,0,0,0
Derrick Henry,10679,2025,0,BLT,1,0,1,1,14,3.2,0,0,0,0,0,0,1,,1,0,-0.32,0,3,56.9,80.4,48.9,79.4,0,0,1,1,0,0,39.6,0,0,0,0,0,0,0,0,0,0
Efton Chism III,141521,2025,0,NE,1,0,1,1,11,4.5,0,0,0,0,0,0,0,,1,0,-1.42,0,19,80.8,70.5,49.8,,0,0,1,0,0,,39.6,0,0,0,0,0,0,0,0,0,0
Corey Bojorquez,27626,2025,0,CLV,1,,0,1,,3.4,0,0,0,0,0,0,1,,1,0,0,0,8,,60,60,,0,0,1,0,0,0,39.6,0,0,0,0,1,0,1,100,0,0
Cam Akers,57206,2025,0,SEA,1,100,1,1,15,2.3,0,0,0,100,1,0,0,0,1,0,3.22,1,29,72.5,57.8,70.7,64.6,0,0,1,0,100,,158.3,0,0,0,0,0,1,0,0,32,32
DJ Moore,48267,2025,0,CHI,1,100,1,1,3,4.2,0,0,0,100,1,0,1,0,1,0,2.72,1,6,82.5,67.8,68.9,69.8,0,0,1,8,100,0,118.8,0,0,0,0,0,1,0,0,2,2
Jauan Jennings,48027,2025,0,SF,1,100,1,1,26,4.4,0,0,0,100,1,0,1,0,1,0,3.11,1,28,43.6,67.1,71,,0,0,1,4,100,0,158.3,0,0,0,0,0,1,0,0,29,29
Jaylen Waddle,84088,2025,0,MIA,1,100,1,1,-4,3.2,0,0,0,100,1,2,0,0,1,0,-1.41,0,17,48,84,60.3,68.1,0,0,1,2,0,,100,0,0,0,0,0,0,0,0,8,8
Rigoberto Sanchez,12130,2025,0,IND,1,100,1,1,11,1.8,0,0,0,100,1,0,0,0,1,0,1.63,1,14,60.4,72.9,68.8,,0,0,1,0,100,,118.8,0,0,0,0,0,0,0,0,16,16
Breece Hall,97636,2025,0,NYJ,1,100,1,1,12,4.2,0,0,0,100,1,0,0,0,1,0,1.47,1,22,73.3,83.5,55.1,83.7,0,0,1,1,100,,122.9,0,0,0,0,0,1,0,0,4,4
Matt Haack,12212,2025,0,ARZ,1,100,1,1,19,2.2,0,0,0,100,1,0,0,0,1,0,5.88,1,1,60.4,73.1,68.8,,0,0,1,0,100,,118.8,0,0,0,0,0,0,0,0,28,28
Austin McNamara,99363,2025,0,NYJ,1,100,1,1,3,2.9,0,0,0,100,1,0,0,0,1,0,2.89,1,22,60.4,69.5,66.9,,0,0,1,0,100,,79.2,0,0,0,0,0,0,0,0,3,3
RJ Harvey,99622,2025,0,DEN,1,0,1,1,2,3.4,0,0,0,0,0,0,0,,1,0,-0.33,0,10,81,68.4,59,69.6,0,0,1,1,0,,39.6,0,0,0,0,0,0,1,100,0,0
Chris Olave,84355,2025,0,NO,1,0,1,1,4,2.4,0,0,0,0,0,3,0,,1,0,-3.53,0,20,83.7,78,53.5,,0,1,1,7,0,,0,0,0,0,0,0,0,1,100,0,0
Patrick Mahomes,11765,2024,1,KC,19,76.8,611,664,7,2.81,10,24,3.4,67.3,447,1,254,4.7,770,22,0.13,273,16,67.6,83.3,77.8,88.1,10,13,825,2,51.6,18.5,94.5,6.1,47,51,2,31,31,21,2.5,4607,6.9
Joe Burrow,28022,2024,1,CIN,17,79.6,612,652,7.7,2.65,8,38,5.5,70.6,460,1,248,5.5,725,27,0.11,264,7,56.9,93.9,92.9,74.8,8,9,775,9,52.4,19.4,108.5,6.6,48,22,1,23,43,15,1.9,4918,7.5
Jayden Daniels,97993,2024,1,WAS,20,78.1,548,594,7.7,2.95,15,22,3.5,68.4,406,1,259,5.1,736,22,0.15,250,32,75.5,90.6,84.7,90,1,10,781,2,51.4,19.7,99.7,6.9,51,87,2,28,30,12,1.5,4390,7.4
C.J. Stroud,129759,2024,1,HST,19,72.2,554,593,8.8,3.02,6,27,4.3,63.6,377,0,273,5.8,702,23,-0.02,229,13,76.3,80,77.6,73.3,10,13,741,5,42.9,23.1,87.6,9,63,45,1,22,21,21,2.8,4254,7.2
Bo Nix,97790,2024,1,DEN,18,76.7,545,589,7.9,2.98,16,23,3.7,66,389,1,194,6.9,674,29,0,204,10,91.6,78.3,73.8,81.2,4,12,712,9,44.1,13.4,93.3,3.9,26,53,1,23,30,13,1.8,3919,6.7
Baker Mayfield,46518,2024,1,TB,18,79.2,562,588,7.4,2.78,11,22,3.5,71.8,422,0,168,5.2,680,23,0.19,257,30,42.1,85.9,83.6,70.9,6,16,721,3,54,24.4,108.1,6,41,46,1,8,43,24,3.3,4685,8
Matthew Stafford,4924,2024,1,LA,18,73.2,548,588,8.3,2.62,12,26,4.2,65.5,385,0,200,4,628,16,0.06,205,26,58.5,74.7,73.3,57,9,8,667,1,48.4,17.5,95,5.6,35,4,1,18,24,25,3.7,4295,7.3
Sam Darnold,29048,2024,1,MIN,18,76.5,532,585,9.3,3.08,8,34,5.4,66,386,0,263,5.2,672,21,0.05,232,18,56.9,80.7,77.5,82.5,11,13,725,10,50,21.7,100.8,8.5,57,29,1,33,36,27,3.7,4564,7.8
Aaron Rodgers,2241,2024,1,NYJ,17,73.7,552,584,7.3,2.65,8,26,4.2,63,368,0,178,9.6,643,39,-0.03,199,22,78,77.6,76.1,71.9,6,11,684,9,44,22.5,90.5,6.2,40,16,0,18,28,12,1.8,3897,6.7
Jared Goff,10635,2024,1,DET,18,79,533,579,7.2,2.68,8,19,3.2,71.3,413,0,208,1.9,630,8,0.24,260,11,64.1,78.8,76.3,66.4,5,15,648,2,53.7,15.9,108.2,5.2,33,15,6,27,38,21,3.2,4942,8.5
Geno Smith,7820,2024,1,SEA,17,78.4,537,578,7.6,2.82,13,28,4.5,70.4,407,1,251,3.3,652,14,0.02,221,29,65.2,83.1,82.4,62.6,4,15,704,10,49.1,19.9,93.2,7.7,50,24,2,22,21,18,2.6,4320,7.5
Josh Allen,46601,2024,1,BUF,19,74.2,519,565,8.7,2.86,10,43,7,64.6,365,0,211,5.2,634,20,0.25,218,4,37.4,91.9,84.1,93.6,5,6,686,3,50.3,9,102.6,3,19,47,1,30,32,18,2.6,4367,7.7
Caleb Williams,144622,2024,1,CHI,17,73.4,504,562,8.1,3.03,12,24,3.9,62.5,351,1,241,5.1,682,19,-0.09,190,6,81.6,67.6,63.5,80.4,4,6,741,9,41.5,28.2,87.8,10,68,48,4,38,20,19,2.6,3541,6.3
Kyler Murray,38334,2024,1,ARZ,17,75.9,503,541,7.4,2.84,10,27,4.7,68.8,372,0,180,2.6,614,10,0.09,205,1,66.8,82.1,77.9,81.8,3,11,656,6,51.6,16.7,93.5,4.9,30,40,1,24,21,16,2.4,3851,7.1
Justin Herbert,28237,2024,1,LAC,18,75.7,498,536,9.2,2.87,10,33,5.7,64.6,346,0,209,8.2,618,31,0.09,196,27,59.2,91.2,90.2,72.4,8,7,662,1,44.7,21.5,97.3,7.3,45,31,3,17,24,16,2.4,4112,7.7
Lamar Jackson,46416,2024,1,BLT,19,77,478,520,9.3,3.2,11,35,6.3,67.3,350,0,232,4.9,597,18,0.32,239,3,44.2,94.9,93.3,90.4,10,5,635,8,52.6,11.2,119.9,4.4,26,47,6,15,45,10,1.6,4601,8.8
Jordan Love,40306,2024,1,GB,16,74.4,422,458,9.2,2.76,9,17,3.4,62.9,288,1,172,8.3,492,26,0.09,169,12,75.8,75.8,74.3,58,10,14,528,6,48.8,9.3,92.7,3.3,16,13,0,17,25,17,3.2,3601,7.9
Brock Purdy,77672,2024,1,SF,15,74.1,428,455,9,2.99,9,15,3.1,65.9,300,0,200,5.4,537,17,0.14,199,28,63.7,82.4,76.3,90.2,2,12,567,2,50.8,15.5,96.1,5.8,31,44,5,11,20,17,3,3864,8.5
Kirk Cousins,7102,2024,1,ATL,14,76.7,412,453,8,2.54,15,13,2.7,66.9,303,0,156,4.1,485,13,0,163,2,46.5,74.3,72.3,65.8,7,16,521,2,48.5,17.3,88.6,5.6,27,3,4,15,18,24,4.6,3508,7.7
Jalen Hurts,40291,2024,1,PHI,19,80.4,404,452,8.1,3.23,9,22,4.6,69.2,313,0,223,3.7,556,12,0.15,198,24,56.4,81.6,71,91.1,2,6,590,5,48.9,22.9,104.7,9.2,51,48,1,36,23,19,3.2,3629,8
Tua Tagovailoa,60326,2024,1,MIA,11,79.8,382,399,6.1,2.3,6,11,2.6,72.9,291,1,100,4.6,435,14,0.14,166,17,39.5,70.2,70.2,51.3,0,7,460,3,52.2,21,101.4,4.8,21,7,2,9,19,12,2.6,2867,7.2
Bryce Young,123943,2024,1,CAR,14,71.6,348,384,9,2.94,2,27,6.6,60.9,234,0,172,6,450,15,-0.1,132,5,62.6,74.4,75.1,59.5,2,9,477,9,41.3,16.9,82.2,6.4,29,37,0,32,15,12,2.5,2403,6.3
Russell Wilson,7077,2024,1,PIT,12,78.6,318,365,8.4,2.84,10,24,6.3,64.1,234,1,160,6.4,426,16,0.01,131,25,57,79.5,77.5,68.7,3,5,444,3,43.7,23.1,97.7,8.7,37,22,2,32,18,7,1.6,2752,7.5
Daniel Jones,39395,2024,1,MIN,10,77.7,309,341,7.5,2.71,5,7,1.9,63.3,216,0,145,10,389,24,-0.12,110,18,80.1,72,67.5,79,3,7,418,5,42.9,20,79.4,7.5,29,16,4,20,8,9,2.2,2070,6.1
Drake Maye,143969,2024,1,NE,13,74.6,311,338,7.4,2.82,4,14,3.7,66.6,225,0,158,3,422,7,-0.03,132,19,48.6,70.1,64.9,82.9,5,10,461,2,47.2,21.5,88.1,8.1,34,45,1,17,15,16,3.5,2276,6.7
Cooper Rush,12324,2024,1,DAL,11,70.5,285,308,7.5,2.35,13,8,2.4,60.7,187,0,75,7,326,14,-0.16,92,9,26,52.9,59.8,24,2,5,352,0,40.8,17.3,83.8,4,13,4,1,7,12,12,3.4,1844,6
Gardner Minshew,41401,2024,1,LV,10,76.8,271,306,6.2,2.63,9,5,1.5,66.3,203,0,121,2.4,346,5,-0.16,110,23,47.7,60.7,61.7,46.1,2,10,370,1,43.6,24,81,8.4,29,11,3,21,9,9,2.4,2013,6.6
Will Levis,83542,2024,1,TEN,12,73.4,278,301,9.1,2.74,3,15,4.7,63.1,190,0,135,6.9,362,14,-0.21,95,31,30.1,54.9,54.6,58.2,6,12,384,5,38.7,30.4,81.4,11.3,41,20,0,14,13,17,4.4,2091,6.9
Jameis Winston,9434,2024,1,CLV,9,70.7,273,296,9.7,2.67,10,11,3.5,61.1,181,1,103,6.2,329,12,-0.1,108,8,83.5,73.4,69.5,84.3,4,12,347,5,45.3,23.3,80.6,7.3,24,8,1,8,13,18,5.2,2121,7.2
Dak Prescott,10769,2024,1,DAL,8,72.4,268,286,8.3,2.63,6,14,4.5,64.7,185,0,98,4.6,317,9,-0.08,88,9,56,67.9,67.2,59.6,4,8,344,3,44.5,21.4,86,6.6,21,6,2,6,11,16,4.7,1978,6.9
Trevor Lawrence,77632,2024,1,JAX,10,70,270,284,9.9,2.63,2,13,4.4,60.6,172,0,90,9,317,17,-0.04,103,15,70.7,76.8,73.8,75.6,1,7,332,1,44.2,20,85.2,5.7,18,13,1,10,11,13,3.9,2045,7.2
Derek Carr,8671,2024,1,NO,10,78.7,253,279,8.6,2.64,3,16,5.4,67.7,189,0,94,5,300,10,0.11,94,20,60.6,85.6,86.7,48.6,3,5,319,4,45,8.5,101,2.7,8,8,0,20,15,8,2.5,2145,7.7
Anthony Richardson,124393,2024,1,IND,11,60.2,236,264,12.3,2.95,3,19,6.8,47.7,126,1,115,11.3,299,16,-0.11,82,14,28.2,62.2,59.8,65.1,11,12,317,4,37.1,12.2,61.6,4.7,14,21,2,12,8,15,4.7,1814,6.9
Mac Jones,60323,2024,1,JAX,10,72.7,242,262,7.7,2.67,6,8,2.9,65.3,171,0,76,2.8,290,5,-0.03,82,15,81.5,65,62.1,75.4,2,8,309,3,44.1,18.4,79.2,4.8,14,14,0,12,7,10,3.2,1672,6.4
Joe Flacco,4332,2024,1,IND,7,73,233,248,9.2,2.62,3,8,3,65.3,162,1,78,4.7,270,8,0.03,88,14,79.9,71.6,70.7,55.4,1,7,290,3,45.9,23.1,90.5,6.7,18,3,0,11,12,11,3.8,1761,7.1
Aidan O'Connell,60516,2024,1,LV,9,71.3,223,243,8.3,2.74,4,12,4.6,63.4,154,0,83,3.1,256,5,0.03,80,23,66.8,61.2,58.2,74.6,4,4,276,2,46.9,12,86.7,3.9,10,3,1,11,8,10,3.6,1612,6.6
Spencer Rattler,97408,2024,1,NO,7,69,203,228,8.2,2.78,5,6,2.4,57,130,0,98,7.1,264,10,-0.29,67,20,27.1,52,49.4,71.3,6,5,284,1,37.5,22.4,70.4,8.3,22,14,1,13,4,14,4.9,1317,5.8
Mason Rudolph,46569,2024,1,TEN,8,77,204,228,7.6,2.7,2,6,2.4,64,146,0,89,7,256,11,-0.01,85,31,48.6,62.5,61.5,65.3,4,9,276,4,48,12.4,80.1,4.3,11,13,3,15,9,8,2.9,1530,6.7
Deshaun Watson,11767,2024,1,CLV,7,76.8,198,216,7.1,3.05,2,8,3.5,63.4,137,0,118,9.9,270,15,-0.25,54,8,56.9,63.1,63.4,57.6,6,3,290,2,37.8,28,79,12.2,33,21,0,10,5,5,1.7,1148,5.3
Drew Lock,39517,2024,1,NYG,7,71.2,163,181,7.3,2.81,7,6,3.1,59.1,107,0,78,7.8,204,9,-0.21,53,21,40.3,53.6,48.2,90.7,3,5,216,4,40.7,15.4,75.5,5.9,12,10,1,7,6,11,5.1,1071,5.9
Justin Fields,82118,2024,1,PIT,8,78.2,147,162,7.8,3.08,2,6,3.4,65.4,106,0,79,7.8,197,9,0.02,51,25,63.2,71,65.7,76.8,4,1,215,4,43.1,20.3,92.8,8.1,16,18,1,8,5,6,2.8,1106,6.8
Jacoby Brissett,10725,2024,1,NE,7,70.6,143,161,7.3,2.89,1,5,2.9,59,95,0,82,5.9,188,6,-0.23,45,19,37.3,59.1,58.5,56.7,5,1,200,2,39.4,22,74.2,9.6,18,9,1,11,2,6,3,826,5.1
Andy Dalton,6187,2024,1,CAR,6,77.5,151,160,7,2.54,3,6,3.6,66.3,106,0,50,9.4,175,11,-0.23,52,5,58.2,68.1,67.4,58,0,6,185,0,40.6,14,82,4,7,6,0,6,7,8,4.3,989,6.2
Tyler Huntley,46448,2024,1,MIA,5,77.5,120,133,8.2,2.66,3,1,0.7,64.7,86,0,59,7.5,168,7,-0.13,52,17,35.3,67.3,61.6,78.5,2,3,182,2,40.5,25.4,80.1,8.9,15,15,1,7,3,9,4.9,831,6.2
Dorian Thompson-Robinson,83574,2024,0,CLV,6,67,103,118,5.7,2.75,2,1,0.8,51.7,61,0,44,11.6,133,8,-0.59,23,8,29,45.3,39.3,73.1,1,6,142,5,32.3,18.2,39.5,6,8,6,0,12,0,7,4.9,440,3.7
Michael Penix Jr.,82134,2024,0,ATL,5,70.4,98,105,10.6,2.66,1,10,9,58.1,61,0,33,11.6,114,8,0.1,36,2,34.9,87.9,87.6,51.3,3,3,120,0,47.4,12.1,78.9,3.5,4,4,0,3,3,2,1.7,775,7.4
Desmond Ridder,55086,2024,0,LV,5,72,75,85,7.9,2.72,1,4,4.5,61.2,52,0,45,3.7,102,2,-0.07,25,23,29.9,45.7,49,47.3,3,2,105,1,42.2,22.2,73.6,9.8,10,6,1,5,2,5,4.8,458,5.4
Malik Willis,60341,2024,0,GB,6,83,53,54,7.5,2.97,0,2,3.4,74.1,40,0,23,9.1,71,4,0.21,24,12,52.5,70.3,65.3,71.2,0,0,77,2,42.3,34.8,124.8,11.3,8,8,0,1,3,1,1.3,550,10.2
Tim Boyle,21956,2024,0,NYG,3,64.4,45,50,7.7,2.36,1,2,3.6,54,27,0,18,6.9,55,2,-0.35,12,21,81.8,54.8,54,62.4,0,1,61,0,40,11.1,68.4,3.6,2,2,1,3,1,3,4.9,276,5.5
Joshua Dobbs,11890,2024,0,SF,2,75.6,45,47,7.4,2.65,1,0,0,68.1,32,0,12,5.9,52,2,0.07,19,28,24.8,56.7,61.1,44.7,0,2,54,0,51.9,16.7,87.3,3.8,2,3,1,0,2,3,5.6,361,7.7
Tanner McKee,131770,2024,0,PHI,2,75,44,45,7.4,2.39,1,1,2.2,66.7,30,0,19,9.1,47,3,0.2,17,24,80.7,71.8,70,64.2,0,0,47,0,55.3,10.5,117.2,4.3,2,0,0,0,4,1,2.1,323,7.2
Tommy DeVito,60545,2024,0,NYG,2,78,41,44,5.8,2.59,0,0,0,70.5,31,0,20,3.1,55,1,-0.06,16,21,82.3,51.3,52.2,53.5,0,0,62,0,45.5,30,85.1,10.9,6,4,0,3,0,1,1.6,257,5.8
Marcus Mariota,9435,2024,0,WAS,3,88.1,42,44,9.8,3.13,0,4,8.2,77.3,34,0,13,8.1,51,3,0.37,24,32,83.3,90.1,90.8,65.1,0,0,57,0,62.7,23.1,131.3,5.9,3,4,1,1,4,0,0,364,8.3
Kenny Pickett,60515,2024,0,PHI,5,70.3,37,43,8.9,2.84,2,3,6.3,58.1,25,0,20,3.8,51,1,-0.16,12,24,82.9,65.7,63,66,2,1,57,0,35.3,20,84.5,7.8,4,3,0,2,2,2,3.5,291,6.8
Trey Lance,91399,2024,0,DAL,3,68.4,38,41,7.8,2.9,1,0,0,61,25,0,15,3.8,47,1,-0.28,14,9,81.8,64.4,65.8,55.5,1,1,50,0,38.3,26.7,69.8,8.5,4,2,0,1,0,1,2,266,6.5
Jimmy Garoppolo,8697,2024,0,LA,1,72.5,40,41,4.8,2.63,0,1,2.4,65.9,27,0,20,6.9,45,2,0.01,16,26,80.1,70.8,71.5,53.6,0,1,46,0,53.3,15,97,6.7,3,1,0,1,2,1,2.2,334,8.1
Jake Haener,60596,2024,0,NO,6,62.2,37,39,9,2.92,0,2,4.8,46.2,18,0,27,21.7,51,5,-0.25,10,20,81.8,57.2,56.7,59.4,1,1,54,0,33.3,22.2,62.6,11.8,6,5,0,1,1,1,1.9,226,5.8
Davis Mills,52269,2024,0,HST,4,61.8,34,36,7.6,2.35,1,0,0,55.6,20,0,8,4.8,39,1,-0.19,9,13,79.6,68.5,64,74.7,1,0,41,0,33.3,25,72.9,5.1,2,1,0,0,0,0,0,212,5.9
Skylar Thompson,60417,2024,0,MIA,2,74.2,31,33,7.6,2.78,0,0,0,63.6,21,0,17,8.7,40,2,-0.38,8,17,20.3,39.7,41.8,55.3,1,0,41,0,37.5,35.3,78.7,15,6,1,0,1,0,3,7.3,187,5.7
Bailey Zappe,60396,2024,0,CLV,1,60,30,31,8.1,2.68,0,3,8.8,51.6,16,0,9,11.1,33,2,-0.57,8,8,78.8,41,43.7,57.9,0,2,37,1,36.4,11.1,51.8,3,1,1,0,1,1,4,10.8,170,5.5
Brandon Allen,10835,2024,0,SF,2,70.4,27,30,8.1,2.78,0,0,0,56.7,17,0,12,10.5,33,2,-0.62,8,28,20.4,41.1,44.5,54.4,0,2,33,1,33.3,16.7,60.3,6.1,2,1,0,3,1,4,12.1,199,6.6
Joe Milton III,82151,2024,0,NE,1,81.5,27,29,10.5,3.33,0,3,9.4,75.9,22,0,11,0,32,0,0.31,15,19,79.8,95.8,94.9,72.6,0,0,35,1,59.4,0,111.4,0,0,2,0,2,1,0,0,241,8.3
Mitch Trubisky,11757,2024,0,BUF,5,76,25,26,6.2,2.29,0,0,0,73.1,19,0,6,0,28,0,0.28,7,4,80.9,50.9,49.5,55.2,0,0,28,0,46.4,0,117.3,0,0,1,0,1,2,1,3.6,179,6.9
Tyrod Taylor,6332,2024,0,NYJ,2,81,21,22,4.8,2.69,0,0,0,77.3,17,0,8,0,24,0,0.56,9,22,25.6,74.5,78.4,49.2,0,0,27,0,62.5,0,128.6,0,0,2,0,1,3,0,0,119,5.4
Carson Wentz,10636,2024,0,KC,2,66.7,18,19,5.2,2.61,0,0,0,63.2,12,0,13,0,25,0,-0.4,5,16,77.1,50.7,51.1,57.9,1,0,26,0,24,30.8,80.6,16,4,1,0,0,0,0,0,118,6.2
Sam Howell,97599,2024,0,SEA,1,46.2,13,14,6.6,3.12,0,0,0,35.7,5,0,12,16.7,19,1,-0.95,1,29,74.8,27,27.6,58.3,1,1,19,0,15.8,33.3,14.6,21.1,4,1,0,0,0,2,10.5,24,1.7
Mike White,46453,2024,0,BUF,1,44.4,9,11,9.9,2.34,1,0,0,27.3,3,0,2,25,12,1,-0.89,1,4,72.4,45.8,46.2,,1,0,12,0,16.7,0,39.6,0,0,0,0,0,0,0,0,28,2.5
Hendon Hooker,60593,2024,0,DET,3,77.8,9,9,5.6,2.82,0,0,0,66.7,6,0,5,14.3,11,1,-0.3,3,11,74.1,74.1,72.8,63.8,0,0,11,0,36.4,20,86.3,9.1,1,1,0,0,0,0,0,62,6.9
Taylor Heinicke,9896,2024,0,LAC,4,80,5,5,6.2,3.12,0,0,0,60,3,0,3,25,10,1,-1.07,2,27,71.4,74.7,72.9,63.7,0,0,10,0,30,100,75.4,30,3,2,0,0,0,0,0,28,5.6
Taysom Hill,12112,2024,0,NO,4,50,4,4,13.5,3.65,0,0,0,50,2,0,2,0,4,0,-1.05,1,20,49.9,71.8,39.5,89.9,0,1,5,0,25,0,26,0,0,0,0,0,0,1,20,21,5.3
Josh Johnson,4474,2024,0,BLT,3,66.7,3,3,18,2.63,0,0,0,66.7,2,0,2,0,4,0,-0.65,1,3,71.3,57.8,61.8,54,0,0,4,0,25,50,81.3,25,1,0,0,0,0,0,0,17,5.7
Tyson Bagent,169628,2024,0,CHI,2,100,2,2,0.5,1.5,0,0,0,100,2,0,0,0,2,0,0.48,1,6,71.7,64.4,62,61.6,0,0,2,0,50,,89.6,0,0,0,0,0,0,0,0,11,5.5
Nick Mullens,12282,2024,0,MIN,2,100,2,2,12,2.15,0,0,0,100,2,0,1,0,2,0,2.82,2,18,69.1,76.1,75.5,60.5,0,0,2,0,100,0,118.8,0,0,0,0,0,0,0,0,38,19
Riley Dixon,10862,2024,0,DEN,2,100,2,2,5,1.75,0,0,0,100,2,0,0,0,2,0,0.98,1,10,63.6,79.9,71.8,,0,0,2,0,50,,104.2,0,0,0,0,0,0,0,0,18,9
David Montgomery,45719,2024,0,DET,2,100,2,2,4,1.9,0,0,0,100,2,0,0,0,2,0,1.3,2,11,68.1,85.9,70.4,80.1,0,0,2,1,100,,154.2,0,0,0,0,0,1,0,0,23,11.5
Johnny Hekker,7252,2024,0,CAR,2,0,2,2,10.5,2.15,0,0,0,0,0,0,0,,2,0,-2.26,0,5,63.6,47.9,50.7,,0,0,2,0,0,,39.6,0,0,0,0,0,0,0,0,0,0
Courtland Sutton,48164,2024,0,DEN,2,100,2,2,9,2.9,0,0,0,100,2,0,1,0,2,0,2.85,2,10,54.6,75.5,78.4,,0,0,2,1,100,0,158.3,0,0,0,0,0,1,0,0,30,15
Clayton Tune,77652,2024,0,ARZ,1,100,2,2,1,1.3,0,0,0,100,2,0,0,0,2,0,-0.65,0,1,19.9,45.6,61.5,43.1,0,0,2,0,50,,83.3,0,0,0,0,0,0,0,0,8,4
Bryan Anger,7072,2024,0,DAL,2,50,2,2,6.5,1.95,0,0,0,50,1,0,0,0,2,0,-2.43,0,9,63.6,44.6,44.8,,0,0,2,0,0,,56.3,0,0,0,0,0,0,1,50,4,2
Malik Nabers,146759,2024,0,NYG,1,,0,1,,4.3,0,0,0,0,0,1,1,,1,0,-0.44,0,21,61.8,86.7,60,50.7,0,0,1,6,0,0,39.6,0,0,0,0,1,0,0,0,0,0
Tyler Boyd,10689,2024,0,TEN,1,0,1,1,25,3.2,0,0,0,0,0,0,0,,1,0,-0.48,0,31,78.3,60,51.2,,0,0,1,0,0,,39.6,0,0,0,0,0,0,0,0,0,0
Keenan Allen,7857,2024,0,CHI,1,0,1,1,19,5.5,0,0,0,0,0,0,0,,1,0,-6.32,0,6,49.6,64.4,36.8,,0,1,2,4,0,,0,0,0,0,0,0,0,1,50,0,0
Kyle Trask,39987,2024,0,TB,1,100,1,1,-3,1,0,0,0,100,1,0,0,0,1,0,0.3,0,30,70.4,63.8,60,61.3,0,0,1,0,100,,87.5,0,0,0,0,0,0,0,0,5,5
JK Scott,38809,2024,0,LAC,1,100,1,1,-4,2.8,0,0,0,100,1,0,0,0,1,0,-2.36,0,27,60.4,61,60.3,60,0,0,1,0,0,,79.2,0,0,0,0,0,0,0,0,3,3
Allen Lazard,48135,2024,0,NYJ,1,,0,1,,5.3,0,0,0,0,0,2,0,,1,0,-0.83,0,22,77.9,62.7,60,,0,0,1,7,0,,39.6,0,0,0,0,1,0,0,0,0,0
Cedrick Wilson Jr.,48170,2024,0,NO,2,100,1,1,20,5.6,0,0,0,100,1,0,1,0,2,0,0.85,1,20,26.2,63.5,70.3,,0,0,2,1,50,100,158.3,50,1,0,0,0,1,0,0,21,21
Darnell Mooney,48236,2024,0,ATL,1,,0,1,,4.2,0,0,0,0,0,0,1,,1,0,-0.4,0,2,80.9,74,60,,0,0,1,2,0,0,39.6,0,0,0,0,1,0,0,0,0,0
DJ Moore,48267,2024,0,CHI,1,0,1,1,36,3.2,0,0,0,0,0,0,0,,1,0,-0.47,0,6,62,73.5,59.7,64.6,0,0,1,5,0,,39.6,0,0,0,0,0,0,0,0,0,0
Tress Way,8358,2024,0,WAS,1,100,1,1,16,2.3,0,0,0,100,1,0,0,0,1,0,5.22,1,32,60.4,73.1,68.8,,0,0,1,0,100,,118.8,0,0,0,0,0,0,0,0,23,23
AJ Cole,36038,2024,0,LV,1,100,1,1,4,2.2,0,0,0,100,1,0,0,0,1,0,5.15,1,23,60.4,70.3,66.9,,0,0,1,0,100,,118.8,0,0,0,0,0,0,0,0,34,34
Jack Fox,34735,2024,0,DET,1,100,1,1,15,2,0,0,0,100,1,0,0,0,1,0,5.1,1,11,60.4,72.6,68.8,,0,0,1,0,100,,118.8,0,0,0,0,0,0,0,0,17,17
Teddy Bridgewater,8667,2024,0,DET,1,100,1,1,3,2.5,0,0,0,100,1,0,0,0,1,0,-0.03,1,11,60.4,57.8,58,,0,0,1,0,0,,79.2,0,0,0,0,0,0,0,0,3,3
Stefon Diggs,9579,2024,0,HST,2,100,1,1,-4,4.15,0,0,0,100,1,0,0,0,2,0,2.08,2,13,79.7,79,60.4,64.9,0,0,2,2,100,,118.8,0,0,1,0,0,0,0,0,13,13
Justin Jefferson,61398,2024,0,MIN,2,100,1,1,-4,5.85,0,0,0,100,1,1,1,0,2,0,1.74,1,18,60.9,86.6,60.3,58.3,0,0,2,3,50,0,118.8,0,0,1,0,0,0,0,0,22,22
Kyle Allen,26152,2024,0,PIT,1,100,1,1,13,2.2,0,0,0,100,1,0,0,0,1,0,1.19,1,25,60.4,73.2,71.6,,0,0,1,0,100,,118.8,0,0,0,0,0,0,0,0,19,19
Tutu Atwell,77965,2024,0,LA,1,0,1,1,35,3.4,0,0,0,0,0,0,0,,1,0,-0.5,0,26,79.1,72.7,59.7,49.5,0,0,1,1,0,,39.6,0,0,0,0,0,0,0,0,0,0
Dyami Brown,77986,2024,0,WAS,1,100,1,1,39,3.7,0,0,0,0,0,0,0,100,1,1,-0.52,0,32,20.3,66.5,73.4,63.5,0,0,1,4,0,,39.6,0,0,0,0,0,0,0,0,0,0
Kendrick Bourne,12270,2024,0,NE,1,0,1,1,0,3.2,0,0,0,0,0,0,0,,1,0,-1.48,0,19,77.1,62.1,57.7,62,0,0,1,1,0,,39.6,0,0,0,0,0,0,0,0,0,0
Joe Mixon,11803,2024,0,HST,2,0,1,1,18,2.8,0,0,0,0,0,0,1,,1,0,-2.9,0,13,87.5,75.8,54.9,76.5,0,0,2,3,0,0,39.6,0,0,0,0,0,0,0,0,0,0
Amon-Ra St. Brown,84470,2024,0,DET,1,100,1,1,5,3.9,0,0,0,100,1,1,0,0,1,0,2.36,1,11,64,89.3,60.5,58.8,0,0,1,3,100,,135.4,0,0,0,0,0,1,0,0,7,7
Ricky Pearsall,100660,2024,0,SF,1,,0,1,,5.75,0,0,0,0,0,0,2,,2,0,-0.22,0,28,79.2,63.9,60,57,0,0,2,2,50,0,39.6,0,0,1,0,1,0,0,0,0,0
Jameson Williams,101701,2024,0,DET,1,0,1,1,20,4.6,0,0,0,0,0,0,0,,1,0,-4.67,0,11,82.3,74.5,41.3,81.3,0,1,1,4,0,,0,0,0,0,0,0,0,1,100,0,0
Miles Killebrew,10745,2024,0,PIT,1,100,1,1,17,1.1,0,0,0,0,0,0,0,100,1,1,-1.37,0,25,60.4,73.1,68.8,,0,0,1,0,0,,39.6,0,0,0,0,0,0,0,0,0,0
Jaxon Smith-Njigba,129758,2024,0,SEA,1,100,1,1,33,3.8,0,0,0,100,1,1,1,0,1,0,2.36,1,29,60.2,81,59.7,50.6,0,0,1,3,100,0,118.8,0,0,0,0,0,0,0,0,35,35
Jalen Coker,143068,2024,0,CAR,1,100,1,1,15,3,0,0,0,100,1,0,0,0,1,0,0.68,1,5,77.1,72.8,68.8,,0,0,1,2,100,,118.8,0,0,0,0,0,0,0,0,19,19
Adonai Mitchell,146712,2024,0,IND,2,100,1,1,-6,1.75,0,0,0,100,1,0,0,0,2,0,-4.31,1,14,20.3,57.9,36.4,55.4,0,0,2,1,50,,118.8,0,0,0,0,0,0,0,0,24,24
Patrick Mahomes,11765,2023,1,KC,20,79.3,680,746,6.9,3,6,31,3.9,67.7,505,1,303,6.3,846,34,0.09,292,16,81.9,90.3,85.5,88.4,14,15,900,7,49.9,10.6,94.1,3.8,32,64,2,44,33,22,2.4,5234,7
Jared Goff,10635,2023,1,DET,20,77.9,662,716,7.3,2.58,10,25,3.3,67.6,484,0,266,6.2,761,32,0.13,278,11,60.3,85.6,85.2,50.5,8,12,794,10,50.1,13.9,98.7,4.9,37,8,4,32,34,19,2.4,5411,7.6
Dak Prescott,10769,2023,1,DAL,18,77,625,650,8.5,2.72,11,41,5.9,69.4,451,0,229,6.2,731,30,0.19,263,9,84.3,90,86.9,78.6,6,11,784,5,51,18.3,104.4,5.7,42,34,0,8,39,17,2.2,4919,7.6
Josh Allen,46601,2023,1,BUF,19,77.1,603,648,8.6,2.87,6,42,6.2,66.7,432,0,259,7.1,732,33,0.19,249,4,59.8,92.1,88.2,91.6,5,18,775,9,52.3,10,93.2,3.6,26,58,2,32,33,23,3,4696,7.2
Baker Mayfield,46518,2023,1,TB,19,73.9,597,643,9,2.74,17,30,4.4,64.1,412,1,248,6.6,728,29,0.08,231,30,77.8,77.2,74.8,69.5,10,12,777,3,45.6,19.4,96,6.6,48,32,0,19,34,26,3.3,4731,7.4
Jordan Love,40306,2023,1,GB,19,72.7,597,634,8.9,2.73,8,37,5.5,64.5,409,0,212,5.8,689,25,0.14,237,12,57.7,83.6,83.2,59.5,7,13,725,11,47.2,13.7,97.1,4.2,29,23,2,20,37,18,2.5,4624,7.3
Sam Howell,97599,2023,1,WAS,17,75,555,612,7.7,2.84,17,30,4.7,63.4,388,0,277,6.7,712,28,-0.15,193,32,81.3,60.2,57.6,71.5,6,21,750,3,43.4,23.5,78.9,9.1,65,33,0,34,21,31,4.1,3945,6.4
Tua Tagovailoa,60326,2023,1,MIA,18,76.1,568,600,8.1,2.33,10,36,5.8,68.2,409,0,163,5.3,655,23,0.12,237,17,56.6,86.9,88.6,29.9,3,15,683,6,49.6,19,98.6,4.7,31,19,2,17,30,23,3.4,4819,8
Jalen Hurts,40291,2023,1,PHI,18,75.8,521,573,8.9,3.11,8,29,4.8,65.8,377,0,270,4.6,661,18,0.04,211,24,66.5,86.5,83.9,76.7,6,15,693,7,45.2,14.4,89.8,5.9,39,47,0,38,24,16,2.3,4108,7.2
Trevor Lawrence,77632,2023,1,JAX,16,74.7,530,564,8.6,2.54,14,35,5.8,65.6,370,0,190,6.6,645,26,-0.04,194,15,36.5,79.7,78.6,69.9,7,14,681,8,47.4,18.4,88.5,5.4,35,41,0,13,21,26,3.8,4016,7.1
Matthew Stafford,4924,2023,1,LA,16,74.3,513,557,8.2,2.59,8,37,6.3,63,351,0,203,7.9,605,30,0.1,204,26,92.1,88.2,86,61.3,4,11,643,7,47.6,15.8,94.3,5.3,32,14,3,29,26,12,1.9,4332,7.8
C.J. Stroud,129759,2023,1,HST,17,74.2,512,553,9.3,2.93,9,26,4.4,64,354,0,219,6.8,618,26,0.1,215,13,52.1,83.2,80.4,73.4,3,5,653,4,47.2,17.4,101.7,6.1,38,25,6,23,26,18,2.8,4557,8.2
Brock Purdy,77672,2023,1,SF,19,76.6,509,552,8.6,2.73,13,32,5.5,67.8,374,0,245,4.1,618,16,0.3,240,28,70.5,87.4,81.5,92,4,12,647,5,54.5,13.1,108.2,5.2,32,24,4,22,34,21,3.2,5054,9.2
Derek Carr,8671,2023,1,NO,17,76.8,514,548,8.2,2.57,3,18,3.2,68.4,375,0,181,5.1,588,20,0.06,187,20,61.9,77.4,77,46.6,6,8,609,4,44.9,17.1,97.7,5.3,31,9,0,25,25,13,2.1,3878,7.1
Bryce Young,123943,2023,1,CAR,16,71.9,463,527,7.8,2.9,7,18,3.2,59.8,315,1,253,5.4,622,18,-0.27,150,5,27.7,56.4,53,78.1,5,10,663,6,38.3,24.5,73.7,10,62,31,1,51,11,22,3.3,2877,5.5
Lamar Jackson,46416,2023,1,BLT,18,77,478,516,9.1,3.21,11,26,4.7,66.5,343,2,230,6.8,633,25,0.04,214,3,43.3,90.4,83,90.8,8,8,675,10,49.1,19.1,101.6,7,44,72,1,18,27,19,2.8,4102,7.9
Geno Smith,7820,2023,1,SEA,15,77.4,446,499,8.2,2.73,13,32,6,64.7,323,0,223,6.4,553,22,0.05,177,29,68.8,82.9,82.1,62.8,8,9,591,6,48.6,13.9,92.1,5.6,31,20,4,28,20,20,3.4,3624,7.3
Gardner Minshew,41401,2023,1,IND,16,74.2,446,490,7.8,2.67,14,14,2.7,62.2,305,0,190,7.9,546,26,-0.03,153,14,42.5,62,60.6,59.6,4,9,580,4,41.9,17.9,84.6,6.2,34,21,0,26,15,22,3.8,3305,6.7
Justin Herbert,28237,2023,1,LAC,13,74.7,427,456,8.2,2.79,7,24,5,65.1,297,1,186,6.9,520,22,0.05,163,27,66.7,85.5,83.1,73.2,8,7,552,5,47.7,15.6,93.2,5.6,29,32,0,14,20,13,2.4,3134,6.9
Russell Wilson,7077,2023,1,DEN,15,78.8,400,447,7.8,3.07,11,27,5.6,66.4,297,0,218,5.7,530,18,-0.09,150,10,28.9,77.5,72.5,80.3,5,8,568,2,44.5,20.6,98,8.5,45,36,4,27,26,17,3,3075,6.9
Joshua Dobbs,11890,2023,1,MIN,13,72.1,390,417,8,3.03,6,12,2.7,62.8,262,0,185,6.8,485,19,-0.11,143,18,49.8,65.9,59.9,82.2,6,10,524,5,42.1,16.2,79.5,6.2,30,35,0,15,13,23,4.4,2464,5.9
Desmond Ridder,55086,2023,1,ATL,15,72.7,363,388,8.5,2.68,8,13,3.2,64.2,249,0,139,5.7,439,15,-0.06,146,2,27.6,51.9,53.2,48.8,0,12,464,5,45.6,22.3,83.4,7.1,31,19,2,15,12,26,5.6,2836,7.3
Justin Fields,82118,2023,1,CHI,13,74.4,324,370,8.8,3.39,10,21,5.5,61.4,227,0,223,5.8,457,14,-0.08,141,6,33.8,74.6,67.2,84.9,7,9,478,5,41.1,19.3,86.3,9.4,43,43,0,29,16,16,3.3,2562,6.9
Zach Wilson,82096,2023,1,NYJ,12,72.5,331,368,7.9,2.92,7,10,2.6,60.1,221,0,189,7.9,439,19,-0.24,110,22,30.8,58.2,57.2,60.9,6,7,463,2,37.8,24.3,77.2,10.5,46,25,3,21,8,12,2.6,2271,6.2
Joe Burrow,28022,2023,1,CIN,10,76.8,340,365,6.9,2.47,6,17,4.4,66.8,244,0,123,6.5,403,17,-0.04,122,7,87,77.9,76.8,68.8,6,6,422,5,46.9,19.5,91,6,24,14,1,12,15,9,2.1,2309,6.3
Mac Jones,60323,2023,1,NE,11,72.3,328,345,7.4,2.42,5,11,3.1,64.9,224,0,119,5.5,379,13,-0.22,104,19,53.8,52.2,52.2,61.3,4,12,395,4,43,18.5,77,5.8,22,12,0,8,10,23,5.8,2120,6.1
Aidan O'Connell,60516,2023,1,LV,11,74,315,343,8,2.62,8,12,3.4,62.1,213,0,122,8.6,370,20,-0.08,107,23,72.1,65.9,64.6,61.6,3,7,380,2,44.1,19.7,83.9,6.5,24,0,1,16,12,10,2.6,2218,6.5
Kenny Pickett,60515,2023,1,PIT,12,71.8,298,324,7.5,2.73,8,13,3.8,62,201,0,136,6.1,363,13,-0.13,96,25,91.3,70.6,68.8,66.7,3,4,386,2,40.5,16.9,81.4,6.3,23,14,1,14,6,7,1.8,2070,6.4
Kirk Cousins,7102,2023,1,MIN,8,80.5,293,311,7.7,2.69,1,10,3,69.5,216,0,108,8.5,331,20,0.1,112,18,46.2,86.1,85.1,64.8,7,5,353,6,45.9,15.7,103.8,5.1,17,3,2,8,18,8,2.3,2331,7.5
Kyler Murray,38334,2023,1,ARZ,8,73.5,253,268,7.5,2.8,9,8,2.8,65.7,176,1,95,5.4,304,10,-0.02,96,1,59.7,70.8,67.6,77.8,2,5,326,5,44.4,18.9,89.4,5.9,18,16,1,3,10,6,1.8,1799,6.7
Will Levis,83542,2023,1,TEN,9,69.1,236,255,11.1,2.76,6,16,5.9,58.4,149,0,130,8.6,292,14,-0.11,85,31,68.9,63.7,61.6,67.4,6,4,310,1,39.4,21.5,84.2,9.6,28,9,2,5,8,14,4.5,1808,7.1
Joe Flacco,4332,2023,1,CLV,6,72.5,233,250,9.1,2.78,1,11,4.2,62.8,157,0,88,7.1,265,12,-0.09,75,8,65.4,72.8,70.6,69.1,2,10,277,1,44.9,13.6,88.5,4.5,12,2,0,14,14,11,4,1923,7.7
Jake Browning,46401,2023,1,CIN,9,79.6,226,243,6.6,2.84,7,9,3.5,70.4,171,0,102,5,283,9,0.07,100,7,54.6,79.3,74.4,87.8,3,7,298,8,47.3,23.5,98.4,8.5,24,16,0,7,12,11,3.7,1936,8
Ryan Tannehill,7014,2023,1,TEN,9,76.1,213,230,8.4,2.67,5,10,4,64.8,149,0,106,8,271,13,-0.08,77,31,70.5,68.7,66.3,69.7,3,7,291,1,40.6,30.2,78.5,11.8,32,9,2,7,4,11,3.8,1616,7
Bailey Zappe,60396,2023,1,NE,10,68.7,198,212,8.1,2.75,4,10,4.6,59.9,127,0,103,6.6,247,9,-0.37,57,19,62.2,52.2,51.1,63.3,0,9,253,1,34.8,24.3,68.8,10.1,25,10,1,9,6,10,4,1272,6
Tyrod Taylor,6332,2023,1,NYG,10,76.7,163,180,9.1,2.83,1,17,8.9,64.4,116,0,87,7.2,224,9,0.01,57,21,44.1,71.4,73.4,54.5,0,3,242,0,43.3,19.5,89.1,7.6,17,26,6,10,5,3,1.2,1341,7.5
Tommy DeVito,60545,2023,1,NYG,9,78.3,161,178,6.6,3.09,4,4,2.2,64,114,0,99,9.5,237,12,-0.24,48,21,77.3,62,64.4,50.9,1,3,243,3,36.3,37.4,89.2,15.6,37,22,0,12,8,5,2.1,1101,6.2
Easton Stick,29466,2023,1,LAC,5,70.9,165,174,7.5,2.76,2,5,2.7,63.8,111,0,62,5.1,198,6,-0.15,58,27,29.2,66.8,61.8,79.9,2,1,208,1,44.4,22.6,85.6,7.1,14,9,1,4,3,7,3.4,1129,6.5
Deshaun Watson,11767,2023,1,CLV,6,72.6,157,171,9.2,3.13,2,6,3.3,61.4,105,0,77,7.9,205,9,-0.09,58,8,38.5,67.3,66.8,63.4,3,4,218,3,43.4,20.8,84.3,7.8,16,18,1,8,7,4,1.8,1115,6.5
Jimmy Garoppolo,8697,2023,1,LV,7,74.2,159,169,8.8,2.84,5,2,1.1,65.1,110,0,58,6.8,191,8,-0.07,63,23,74.1,65,65,58.8,1,9,203,1,48.2,24.1,77.7,7.3,14,8,1,3,7,6,3,1205,7.1
Daniel Jones,39395,2023,1,NYG,6,75.2,149,160,6.9,2.85,3,4,2.4,67.5,108,0,95,3.6,209,4,-0.26,51,21,45.3,63,54.4,82.2,2,6,220,0,41.6,31.6,70.5,14.4,30,19,0,6,2,9,4.1,909,5.7
Trevor Siemian,9683,2023,0,NYJ,5,63.8,138,153,6.2,2.48,4,4,2.5,56.2,86,0,57,2.3,167,2,-0.37,37,22,31.5,34.9,37.4,49.4,2,4,177,4,35.9,14,62.1,4.8,8,6,0,9,2,7,4,724,4.7
Nick Mullens,12282,2023,0,MIN,5,74.5,137,148,10.5,2.92,2,8,5.2,67.6,100,0,67,2,165,2,0.11,59,18,49.7,57.7,59.5,59.9,4,8,172,5,47.3,17.9,88.4,7.3,12,5,1,4,7,12,7,1306,8.8
Tyson Bagent,169628,2023,0,CHI,5,76.3,131,143,6.5,2.91,3,2,1.3,65.7,94,0,53,6,159,6,-0.12,55,6,50.5,57.8,50.8,82.2,3,6,166,0,50.9,9.4,71.4,3.1,5,11,0,6,3,11,6.6,859,6
Taylor Heinicke,9896,2023,0,ATL,5,64.5,121,136,8.6,2.99,2,4,2.9,54.4,74,0,44,5.1,157,4,0.06,46,2,67.2,52.5,48.5,70.7,2,4,161,0,43.9,18.2,74.7,5.1,8,13,2,9,5,9,5.6,890,6.5
Mason Rudolph,46569,2023,0,PIT,5,77.2,101,113,7.5,2.55,3,5,4.3,68.1,77,0,50,1.3,125,1,0.02,43,25,40.2,64.8,64.8,58.2,2,1,130,1,46.4,14,104.9,5.6,7,4,1,6,5,4,3.1,948,8.4
Dorian Thompson-Robinson,83574,2023,0,CLV,6,68,100,112,6.1,2.67,3,0,0,53.6,60,0,39,11.8,123,8,-0.35,27,8,36,49.7,49.4,56.6,2,4,132,1,35,15.4,51.2,4.9,6,5,2,5,1,5,3.8,440,3.9
P.J. Walker,12134,2023,0,CLV,5,59.4,101,111,8.7,2.79,2,4,3.4,48.6,54,0,52,10,126,6,-0.33,28,8,26.9,29.7,28.8,63.3,2,5,135,1,33.3,21.2,52.2,8.7,11,4,1,5,1,11,8.1,674,6.1
Mitch Trubisky,11757,2023,0,PIT,5,68.6,102,107,9.1,2.78,0,1,0.9,62.6,67,0,49,4.3,122,3,-0.15,38,25,64.6,43.3,44.2,51,3,5,132,0,43.4,14.3,71.9,5.7,7,8,1,1,4,7,5.3,632,5.9
Anthony Richardson,124393,2023,0,IND,4,71.1,76,84,8,2.86,3,3,3.3,59.5,50,0,31,7.4,98,4,0.03,33,14,23.6,52.2,56.5,45.3,2,1,107,1,41.8,22.6,87.3,7.1,7,7,0,3,3,4,3.7,577,6.9
Tim Boyle,21956,2023,0,NYJ,3,72.2,72,77,6.2,2.48,1,2,2.5,62.3,48,0,32,7.7,86,4,-0.49,16,22,84.4,64.1,61.2,73.5,0,4,89,0,32.6,28.1,56.2,10.5,9,0,0,4,1,3,3.4,360,4.7
Drew Lock,39517,2023,0,SEA,4,75,72,76,8.5,2.56,3,2,2.5,63.2,48,0,31,11.1,85,6,-0.08,20,29,52.5,61.3,62.2,56.4,0,3,91,3,37.6,19.4,81.2,7.1,6,3,0,1,3,5,5.5,543,7.1
Jarrett Stidham,13725,2023,0,DEN,2,70.5,61,66,7.7,2.76,0,0,0,60.6,40,0,28,7,77,3,0.05,19,10,51.9,55.5,58.5,45,1,1,81,1,41.6,25,87.7,9.1,7,3,0,4,2,1,1.2,496,7.5
Andy Dalton,6187,2023,0,CAR,1,71.7,53,58,7.7,2.33,1,4,6.5,58.6,34,0,27,10.5,63,4,0.1,18,5,82.5,81.1,79.1,64.2,3,0,67,0,41.3,11.1,88.4,4.8,3,1,0,1,2,1,1.5,361,6.2
Case Keenum,7323,2023,0,HST,2,68.6,51,53,7.9,2.73,0,0,0,64.2,34,0,19,2.9,59,1,-0.38,14,13,82.5,44.8,45.6,54,0,3,68,1,39,31.6,61.1,10.2,6,0,0,2,1,4,5.9,291,5.5
C.J. Beathard,11859,2023,0,JAX,5,85.7,49,53,6.2,2.56,1,1,1.8,75.5,40,0,20,4.8,63,2,-0.01,21,15,45.5,71.5,74.6,46.9,0,0,68,0,49.2,30,98.7,9.5,6,4,0,3,1,2,2.9,349,6.6
Jameis Winston,9434,2023,0,NO,4,60,45,47,12.7,2.41,0,3,6,53.2,25,0,15,7.4,49,2,-0.23,10,20,81.5,56.3,55.8,61.3,0,3,52,1,32.7,13.3,57.4,4.1,2,0,0,2,2,3,5.8,264,5.6
Sam Darnold,29048,2023,0,SF,6,69.8,43,46,8.7,2.73,0,1,2,60.9,28,0,25,6.7,55,2,-0.1,16,28,22.9,66,66.5,57.8,1,1,59,1,49.1,24,85.1,10.9,6,3,1,1,2,2,3.4,297,6.5
Brian Hoyer,5277,2023,0,LV,2,59.5,42,42,8.5,2.26,0,3,6.5,54.8,23,0,5,8,43,2,-0.24,14,23,80.6,55.2,54.6,60.5,0,2,47,0,44.2,20,50.8,2.3,1,0,0,0,0,1,2.1,231,5.5
Davis Mills,52269,2023,0,HST,6,60.5,38,40,7.9,2.67,1,0,0,47.5,19,0,17,17.4,43,4,-0.22,12,13,80.5,48.3,46.3,68.2,0,0,45,0,34.9,11.8,77,4.7,2,1,0,1,2,4,8.9,179,4.5
Brett Rypien,46487,2023,0,NYJ,2,58.8,34,38,8.7,2.74,3,0,0,47.4,18,1,14,10,44,2,-0.45,9,22,22.4,48.1,48,70.7,0,1,47,3,29.5,14.3,49.5,4.5,2,3,0,1,0,3,6.4,172,4.5
Tyler Huntley,46448,2023,0,BLT,5,70.6,34,37,7.2,3.21,1,1,2.7,56.8,21,0,18,12.5,48,3,0.06,14,3,81.5,63.8,64.7,57.6,0,0,48,0,39.6,22.2,99.3,8.3,4,7,0,2,3,1,2.1,203,5.5
Blaine Gabbert,6162,2023,0,KC,2,68.8,32,35,5.9,2.41,2,0,0,51.4,18,0,18,18.2,40,4,-0.31,10,16,79.8,60.7,54.6,74.8,0,3,41,0,32.5,5.6,31.2,2.5,1,4,0,1,0,2,4.9,185,5.3
Jeff Driskel,10841,2023,0,CLV,1,62.5,24,26,10.7,2.98,1,2,7.7,50,13,0,11,13.3,32,2,-0.31,11,8,78.7,66.4,58.9,83.4,0,2,32,1,37.5,27.3,63.9,9.4,3,3,0,1,2,3,9.4,166,6.4
Cooper Rush,12324,2023,0,DAL,7,75,24,24,8.4,1.91,0,1,4,75,18,0,6,0,27,0,-0.08,8,9,79.6,58,54.3,66.2,0,1,28,0,48.1,16.7,72.2,3.7,1,1,0,0,0,1,3.6,144,6
Carson Wentz,10636,2023,0,LA,1,87,23,24,6.7,2.49,0,3,10.3,70.8,17,0,9,15,30,3,0.22,12,26,80.8,80.7,80.2,68.1,0,1,35,0,53.3,22.2,99.8,6.7,2,4,0,1,2,0,0,163,6.8
Marcus Mariota,9435,2023,0,PHI,2,71.4,21,23,8.1,3.01,2,1,4.3,65.2,15,0,9,0,29,0,-0.11,12,24,27.4,66.3,55.6,80.7,0,1,29,1,51.7,33.3,82.5,10.3,3,3,0,0,1,2,6.9,164,7.1
Jacoby Brissett,10725,2023,0,WAS,2,86.4,22,23,9,2.83,0,1,3.7,78.3,18,0,8,5.3,25,1,0.66,10,32,77.4,84.6,79.4,75,0,0,29,0,52,0,146.8,0,0,2,0,1,3,0,0,224,9.7
Clayton Tune,77652,2023,0,ARZ,2,73.7,19,21,3.2,2.95,2,0,0,57.1,12,0,17,14.3,33,2,-1.1,4,1,78.8,34.2,28,65.6,0,2,35,0,18.2,41.2,22.6,21.2,7,5,0,0,0,3,8.6,62,3
Jaren Hall,82094,2023,0,MIN,3,68.4,19,20,6.8,3.23,0,0,0,65,13,0,13,0,27,0,-0.57,7,18,77.2,60.3,64.4,49.7,0,1,27,0,37,30.8,70.4,14.8,4,3,0,1,0,0,0,168,8.4
Taysom Hill,12112,2023,0,NO,10,60,10,11,13.8,3.11,1,0,0,54.5,6,0,5,0,16,0,0.22,6,20,67.7,75.3,51.6,86.1,0,0,17,0,50,40,109.3,12.5,2,3,0,0,1,0,0,83,7.5
Mike White,46453,2023,0,MIA,4,83.3,6,6,3.7,1.67,0,1,16.7,83.3,5,0,0,0,6,0,-1.1,1,17,73.9,52.5,46.2,60.3,0,1,6,0,33.3,,118.1,0,0,0,0,0,1,1,16.7,74,12.3
A.J. McCarron,8799,2023,0,CIN,2,100,5,5,-1.4,2.55,0,0,0,80,4,0,4,20,6,1,-0.84,0,7,69.6,59,58.4,,0,0,7,0,16.7,25,82.5,16.7,1,0,0,0,0,0,0,19,3.8
Malik Willis,60341,2023,0,TEN,1,80,5,5,7.6,3.55,0,0,0,80,4,0,6,0,12,0,-0.17,2,31,74.5,45.9,48.4,52.2,0,0,15,0,41.7,66.7,118.8,33.3,4,3,0,0,0,0,0,74,14.8
Logan Woodside,46517,2023,0,ATL,1,75,4,4,2,2.55,0,0,0,75,3,0,2,0,6,0,-1.52,3,2,68.9,24.8,24.9,58.3,0,1,6,0,66.7,50,53.1,16.7,1,1,0,0,0,1,16.7,27,6.8
Jakobi Meyers,47468,2023,0,LV,3,100,2,3,10.5,4.55,0,0,0,66.7,2,0,2,0,4,0,0.89,2,23,82.1,69.9,80.8,70,0,0,4,6,75,0,113.9,0,0,1,0,1,1,0,0,12,4
Derrick Henry,10679,2023,0,TEN,3,66.7,3,3,15.7,2.73,0,0,0,66.7,2,0,0,0,3,0,1.3,2,31,91.4,90.1,72.2,86.8,0,0,3,0,66.7,,116.7,0,0,0,0,0,2,0,0,14,4.7
Keenan Allen,7857,2023,0,LAC,2,100,1,2,23,3.35,0,0,0,50,1,0,1,0,2,0,1.82,1,27,35.7,85.3,71.4,,0,0,2,1,50,0,135.4,0,0,0,0,1,1,0,0,49,24.5
Christian Kirk,47546,2023,0,JAX,2,50,2,2,12.5,3.85,0,0,0,50,1,1,0,0,2,0,-0.78,0,15,26.7,71.1,52.1,63.3,0,0,2,1,0,,56.3,0,0,0,0,0,0,0,0,-1,-0.5
Kadarius Toney,61245,2023,0,KC,1,0,1,1,16,4.6,0,0,0,0,0,0,1,,1,0,-0.44,0,16,38.3,62.5,55.1,62.3,0,0,1,1,0,0,39.6,0,0,0,0,0,0,0,0,0,0
Justin Jefferson,61398,2023,0,MIN,1,0,1,1,22,3.5,0,0,0,0,0,1,1,,1,0,-0.43,0,18,48.1,91.1,49.2,57.2,0,0,1,1,0,0,39.6,0,0,0,0,0,0,0,0,0,0
Logan Cooke,29214,2023,0,JAX,1,100,1,1,4,2.4,0,0,0,100,1,0,0,0,1,0,3.08,1,15,60.4,70.3,66.9,,0,0,1,0,100,,118.8,0,0,0,0,0,0,0,0,13,13
Aaron Rodgers,2241,2023,0,NYJ,1,,0,1,,4.15,0,0,0,0,0,0,2,,2,0,-1.28,0,22,65.5,39.4,41.1,,0,0,3,0,0,50,39.6,50,1,0,0,1,0,0,0,0,0
Jalen Reeves-Maybin,11879,2023,0,DET,1,100,1,1,22,2.1,0,0,0,100,1,0,0,0,1,0,5.3,1,11,66.7,71.2,70.7,59.8,0,0,1,0,100,,118.8,0,0,0,0,0,0,0,0,31,31
Kenneth Gainwell,77737,2023,0,PHI,1,100,1,1,17,2.6,0,0,0,100,1,0,0,0,1,0,0.68,1,24,29.3,55.3,69.7,52.4,0,0,1,0,100,,118.8,0,0,0,0,0,0,0,0,17,17
Dyami Brown,77986,2023,0,WAS,1,100,1,1,1,3.7,0,0,0,100,1,0,0,0,1,0,0.03,0,32,72.9,59,60,56.2,0,0,1,1,100,,83.3,0,0,0,0,0,0,0,0,4,4
Jonnu Smith,11855,2023,0,ATL,1,0,1,1,9,3.3,0,0,0,0,0,2,0,,1,0,-0.48,0,2,37.5,59.1,56.3,56.9,0,0,1,5,0,,39.6,0,0,0,0,0,0,0,0,0,0
Chris Godwin,11839,2023,0,TB,1,0,1,1,18,3.6,0,0,0,0,0,1,0,,1,0,-0.72,0,30,83.5,77.5,49.6,70.7,0,0,1,1,0,,39.6,0,0,0,0,0,0,0,0,0,0
Tyler Boyd,10689,2023,0,CIN,1,0,1,1,-6,4.4,0,0,0,0,0,0,0,,1,0,-5.6,0,7,81.5,59.5,57.3,59.1,0,1,1,2,0,,0,0,0,0,0,0,0,1,100,0,0
Ja'Marr Chase,84270,2023,0,CIN,1,100,1,1,-7,4.8,0,0,0,100,1,1,0,0,1,0,-1.68,0,7,58.8,85.3,60,52.8,0,0,1,2,0,,79.2,0,0,0,0,0,0,0,0,-7,-7
Drake London,86519,2023,0,ATL,1,100,1,1,12,4,0,0,0,100,1,0,1,0,1,0,1.74,1,2,81.4,78.9,69.5,,0,0,1,1,100,0,118.8,0,0,0,0,0,0,0,0,22,22
Garrett Wilson,97405,2023,0,NYJ,1,0,1,1,9,2.9,0,0,0,0,0,1,0,,1,0,-0.44,0,22,32.1,72.9,53.5,62,0,0,1,5,0,,39.6,0,0,0,0,0,0,0,0,0,0
Jerick McKinnon,8731,2023,0,KC,1,100,1,1,-4,0.9,0,0,0,100,1,0,0,0,1,0,1.45,1,16,80.9,63.1,60.1,60.6,0,0,1,0,100,,122.9,0,0,0,0,0,1,0,0,4,4
Dontayvion Wicks,99711,2023,0,GB,1,100,1,1,9,2.5,0,0,0,100,1,0,0,0,1,0,0.04,1,12,23,77.8,69.9,59.2,0,0,1,2,100,,118.8,0,0,0,0,0,0,0,0,14,14
DeAndre Hopkins,7808,2023,0,TEN,2,0,1,1,-2,6.55,0,0,0,0,0,0,2,,2,0,-0.11,0,31,82.1,81,59.6,64.5,0,0,2,4,50,0,39.6,0,0,1,0,0,0,0,0,0,0
Johnny Hekker,7252,2023,0,CAR,1,100,1,1,-4,2.3,0,0,0,100,1,0,0,0,1,0,-1.78,0,5,60.4,61,60.3,60,0,0,1,0,0,,95.8,0,0,0,0,0,0,0,0,7,7
Jauan Jennings,48027,2023,0,SF,1,100,1,1,-5,3.5,0,0,0,100,1,0,1,0,1,0,3.26,1,28,76.8,74.1,60,59.7,0,0,1,3,100,0,158.3,0,0,0,0,0,1,0,0,21,21
Thomas Morstead,5088,2023,0,NYJ,1,100,1,1,9,1.9,0,0,0,100,1,0,0,0,1,0,4.55,1,22,60.4,69.8,67.2,,0,0,1,0,100,,118.8,0,0,0,0,0,0,0,0,18,18
Deebo Samuel,48274,2023,0,SF,1,,0,1,,5.1,0,0,0,0,0,0,1,,1,0,-0.45,0,28,64.7,85.4,60,68.2,0,0,1,2,0,0,39.6,0,0,0,0,1,0,0,0,0,0
Sean Clifford,51708,2023,0,GB,1,100,1,1,33,2.6,0,0,0,100,1,0,1,0,1,0,3.8,1,12,15.5,56.8,76,44.9,0,0,1,0,100,0,118.8,0,0,0,0,0,0,0,0,37,37
Connor Heyward,57301,2023,0,PIT,1,,0,1,,2,1,0,0,0,0,1,0,,1,0,-0.74,0,25,76.3,55.5,60,59.3,0,0,1,4,0,,39.6,0,0,0,0,0,0,0,0,0,0
Braden Mann,44664,2023,0,PHI,1,100,1,1,11,2.2,0,0,0,100,1,0,0,0,1,0,4.94,1,24,60.4,73.1,68.8,,0,0,1,0,100,,118.8,0,0,0,0,0,0,0,0,28,28
Devin Singletary,40485,2023,0,HST,1,100,1,1,12,2.7,0,0,0,100,1,0,1,0,1,0,2.22,1,13,85,75.1,69.5,78.1,0,0,1,0,100,0,131.3,0,0,0,0,0,1,0,0,6,6
Kyle Trask,39987,2023,0,TB,1,0,1,1,12,2.3,0,1,100,0,0,0,0,,1,0,-1.6,0,30,64.5,86,82.7,60,0,0,1,0,0,,39.6,0,0,0,0,0,0,0,0,0,0
Tommy Townsend,33007,2023,0,KC,1,100,1,1,12,2,0,0,0,100,1,0,0,0,1,0,3.88,1,16,60.4,74.7,68.8,,0,0,1,0,100,,112.5,0,0,0,0,0,0,0,0,11,11